as_of,asset_id,horizon,horizon_days,target_date,point_pct,low_pct,high_pct,band_width_pct,band_skew,interval,p_up,confidence,n_drivers,driver_max_weight,is_mechanical,model_id,band_shadow_low,band_shadow_high,band_shadow_rule
2026-08-01,A1,1d,1,2026-08-02,0.0,-0.8,0.8,1.6,0.0,80,0.5,low,3,high,0,model_A,,,
2026-08-01,A1,1w,7,2026-08-10,0.3,-4.0,5.0,9.0,0.5,80,0.54,low,5,high,0,model_A,,,
2026-08-01,A1,1m,30,2026-08-31,2.0,-8.0,13.0,21.0,2.5,80,0.58,low,3,high,0,model_A,,,
2026-08-01,A4,1d,1,2026-08-03,-0.4,-2.4,1.6,4.0,-0.4,80,0.44,low,2,high,0,model_A,,,
2026-08-01,A4,1w,7,2026-08-10,0.3,-5.5,6.5,12.0,0.5,80,0.53,low,4,high,0,model_A,,,
2026-08-01,A4,1m,30,2026-08-31,2.0,-11.0,15.0,26.0,2.0,80,0.56,low,3,high,0,model_A,,,
2026-08-01,A2,1d,1,2026-08-03,0.9,-1.3,3.1,4.4,0.9,80,0.62,medium,2,high,0,model_A,,,
2026-08-01,A2,1w,7,2026-08-10,0.4,-4.5,5.5,10.0,0.5,80,0.52,low,4,high,0,model_A,,,
2026-08-01,A2,1m,30,2026-08-31,1.5,-11.0,14.0,25.0,1.5,80,0.55,low,4,high,0,model_A,,,
2026-08-01,A3,1d,1,2026-08-03,0.1,-0.5,0.7,1.2,0.1,80,0.6,low,2,high,0,model_A,,,
2026-08-01,A3,1w,7,2026-08-10,0.75,-0.8,2.3,3.1,0.75,80,0.7,low,3,high,0,model_A,,,
2026-08-01,A3,1m,30,2026-08-31,3.2,-2.0,8.0,10.0,3.0,80,0.7,low,3,high,0,model_A,,,
2026-08-02,A1,1d,1,2026-08-03,0.15,-1.6,1.9,3.5,0.15,80,0.53,low,3,high,0,model_A,,,
2026-08-02,A1,1w,7,2026-08-10,0.5,-3.8,5.0,8.8,0.6,80,0.55,low,3,high,0,model_A,,,
2026-08-02,A1,1m,30,2026-09-01,2.2,-7.5,13.0,20.5,2.75,80,0.58,low,3,high,0,model_A,,,
2026-08-02,A4,1d,1,2026-08-03,-0.2,-2.2,1.8,4.0,-0.2,80,0.47,low,2,high,0,model_A,,,
2026-08-02,A4,1w,7,2026-08-10,0.4,-5.2,6.2,11.4,0.5,80,0.53,low,3,high,0,model_A,,,
2026-08-02,A4,1m,30,2026-09-01,2.2,-10.5,14.5,25.0,2.0,80,0.56,low,2,high,0,model_A,,,
2026-08-02,A2,1d,1,2026-08-03,0.9,-1.2,3.0,4.2,0.9,80,0.62,medium,1,high,1,model_A,,,
2026-08-02,A2,1w,7,2026-08-10,0.5,-4.3,5.3,9.6,0.5,80,0.53,low,3,high,0,model_A,,,
2026-08-02,A2,1m,30,2026-09-01,1.6,-10.5,13.5,24.0,1.5,80,0.55,low,3,high,0,model_A,,,
2026-08-02,A3,1d,1,2026-08-03,0.1,-0.5,0.7,1.2,0.1,80,0.6,low,2,high,0,model_A,,,
2026-08-02,A3,1w,7,2026-08-10,0.75,-0.8,2.3,3.1,0.75,80,0.7,low,2,high,0,model_A,,,
2026-08-02,A3,1m,30,2026-09-01,3.2,-2.0,8.0,10.0,3.0,80,0.7,low,2,high,0,model_A,,,
2026-08-03,A1,1d,1,2026-08-04,-0.3,-2.5,2.0,4.5,-0.25,80,0.45,low,2,high,0,model_A,,,
2026-08-03,A1,1w,7,2026-08-10,-1.0,-6.0,5.0,11.0,-0.5,80,0.42,low,2,high,0,model_A,,,
2026-08-03,A1,1m,30,2026-09-02,-2.0,-11.0,9.0,20.0,-1.0,80,0.42,low,2,high,0,model_A,,,
2026-08-03,A4,1d,1,2026-08-04,-0.3,-2.3,1.7,4.0,-0.3,80,0.45,low,1,high,1,model_A,,,
2026-08-03,A4,1w,7,2026-08-10,-0.8,-5.5,4.5,10.0,-0.5,80,0.44,low,2,high,0,model_A,,,
2026-08-03,A4,1m,30,2026-09-02,-1.5,-10.0,8.0,18.0,-1.0,80,0.43,low,2,high,0,model_A,,,
2026-08-03,A2,1d,1,2026-08-04,0.8,-1.4,3.0,4.4,0.8,80,0.6,low,3,high,1,model_A,,,
2026-08-03,A2,1w,7,2026-08-10,1.0,-5.5,7.5,13.0,1.0,80,0.55,low,2,high,0,model_A,,,
2026-08-03,A2,1m,30,2026-09-02,2.0,-12.0,16.0,28.0,2.0,80,0.55,low,2,high,0,model_A,,,
2026-08-03,A5,1m,30,2026-09-02,2.0,-9.0,14.0,23.0,2.5,80,0.58,low,2,medium,0,model_A,,,
2026-08-03,A6,1m,30,2026-09-02,1.8,-1.0,6.0,7.0,2.5,80,0.7,medium,2,medium,1,model_A,,,
2026-08-03,A3,1d,1,2026-08-04,0.6,-1.8,3.4,5.2,0.8,80,0.54,low,3,high,1,model_A,,,
2026-08-03,A3,1w,7,2026-08-10,0.9,-6.8,8.8,15.6,1.0,80,0.53,low,3,high,0,model_A,,,
2026-08-03,A3,1m,30,2026-09-02,1.9,-14.8,18.8,33.6,2.0,80,0.52,low,2,high,0,model_A,,,
2026-08-04,A1,1d,1,2026-08-05,0.15,-1.6,1.9,3.5,0.15,80,0.54,low,4,high,0,model_A,,,
2026-08-04,A1,1w,7,2026-08-11,0.3,-4.5,5.5,10.0,0.5,80,0.52,low,3,high,0,model_A,,,
2026-08-04,A1,1m,30,2026-09-03,0.5,-9.0,11.0,20.0,1.0,80,0.52,low,3,high,1,model_A,,,
2026-08-04,A4,1d,1,2026-08-05,0.1,-2.0,2.2,4.2,0.1,80,0.52,low,3,high,1,model_A,,,
2026-08-04,A4,1w,7,2026-08-11,0.3,-5.0,5.5,10.5,0.25,80,0.52,low,2,high,0,model_A,,,
2026-08-04,A4,1m,30,2026-09-03,0.3,-9.5,11.0,20.5,0.75,80,0.51,low,2,high,1,model_A,,,
2026-08-04,A2,1d,1,2026-08-05,0.1,-2.2,2.4,4.6,0.1,80,0.51,low,3,high,1,model_A,,,
2026-08-04,A2,1w,7,2026-08-11,0.5,-5.5,6.5,12.0,0.5,80,0.53,low,3,high,0,model_A,,,
2026-08-04,A2,1m,30,2026-09-03,2.0,-11.0,16.0,27.0,2.5,80,0.58,low,3,high,0,model_A,,,
2026-08-04,A6,1d,1,2026-08-05,0.06,-0.2,0.35,0.55,0.075,80,0.6,low,1,high,0,model_A,,,
2026-08-04,A6,1w,7,2026-08-11,0.42,-0.3,1.2,1.5,0.45,80,0.65,medium,1,high,0,model_A,,,
2026-08-04,A6,1m,30,2026-09-03,1.8,-0.5,4.0,4.5,1.75,80,0.7,medium,1,high,0,model_A,,,
2026-08-04,A3,1d,1,2026-08-05,0.08,-2.6,2.9,5.5,0.15,80,0.52,low,3,high,0,model_A,,,
2026-08-04,A3,1w,7,2026-08-11,0.48,-6.6,7.8,14.4,0.6,80,0.53,low,4,high,0,model_A,,,
2026-08-04,A3,1m,30,2026-09-03,1.91,-13.2,19.2,32.4,3.0,80,0.53,low,4,high,0,model_A,,,
2026-08-05,A2,1d,1,2026-08-06,1.5,-1.5,5.0,6.5,1.75,80,0.62,low,3,high,1,model_A,,,
2026-08-05,A2,1w,7,2026-08-12,1.0,-6.0,8.0,14.0,1.0,80,0.55,low,2,high,0,model_A,,,
2026-08-05,A2,1m,30,2026-09-04,2.0,-12.0,17.0,29.0,2.5,80,0.55,low,2,high,0,model_A,,,
2026-08-05,A1,1d,1,2026-08-06,-0.2,-2.5,2.3,4.8,-0.1,80,0.48,low,4,high,0,model_A,,,
2026-08-05,A1,1w,7,2026-08-12,0.5,-4.5,5.5,10.0,0.5,80,0.52,low,3,high,0,model_A,,,
2026-08-05,A1,1m,30,2026-09-04,2.0,-9.0,14.0,23.0,2.5,80,0.56,low,2,high,0,model_A,,,
2026-08-05,A3,1d,1,2026-08-06,1.0,-2.2,4.2,6.4,1.0,80,0.6,low,3,high,0,model_A,,,
2026-08-05,A3,1w,7,2026-08-12,0.8,-5.0,6.5,11.5,0.75,80,0.55,low,3,high,0,model_A,,,
2026-08-05,A3,1m,30,2026-09-04,1.8,-10.0,14.0,24.0,2.0,80,0.55,low,2,high,0,model_A,,,
2026-08-05,A4,1d,1,2026-08-06,0.8,-2.2,3.8,6.0,0.8,80,0.6,low,3,high,1,model_A,,,
2026-08-05,A4,1w,7,2026-08-12,0.6,-5.0,6.0,11.0,0.5,80,0.53,low,3,high,0,model_A,,,
2026-08-05,A4,1m,30,2026-09-04,1.8,-10.0,14.0,24.0,2.0,80,0.55,low,1,high,0,model_A,,,
2026-08-05,A5,1d,1,2026-08-06,0.0,-2.6,2.6,5.2,0.0,80,0.5,low,2,high,0,model_A,,,
2026-08-05,A5,1w,7,2026-08-12,0.5,-5.5,6.5,12.0,0.5,80,0.52,low,1,high,0,model_A,,,
2026-08-05,A5,1m,30,2026-09-04,2.5,-11.0,16.0,27.0,2.5,80,0.55,low,1,high,0,model_A,,,
2026-08-05,A6,1d,1,2026-08-06,0.05,-0.2,0.35,0.55,0.075,80,0.56,low,1,high,0,model_A,,,
2026-08-05,A6,1w,7,2026-08-12,0.4,-0.6,1.4,2.0,0.4,80,0.62,low,1,high,0,model_A,,,
2026-08-05,A6,1m,30,2026-09-04,1.8,-1.0,4.5,5.5,1.75,80,0.7,low,1,high,0,model_A,,,
2026-08-06,A1,1d,1,2026-08-07,0.3,-2.0,2.6,4.6,0.3,80,0.54,low,4,high,0,model_A,,,
2026-08-06,A1,1w,7,2026-08-13,0.6,-4.5,6.0,10.5,0.75,80,0.53,low,3,high,0,model_A,,,
2026-08-06,A1,1m,30,2026-09-07,2.5,-9.0,15.0,24.0,3.0,80,0.57,low,3,high,0,model_A,,,
2026-08-06,A2,1d,1,2026-08-07,-0.5,-3.5,3.0,6.5,-0.25,80,0.42,low,3,high,1,model_A,,,
2026-08-06,A2,1w,7,2026-08-13,0.5,-7.0,8.0,15.0,0.5,80,0.52,low,3,high,0,model_A,,,
2026-08-06,A2,1m,30,2026-09-07,1.5,-13.0,17.0,30.0,2.0,80,0.54,low,2,medium,0,model_A,,,
2026-08-06,A3,1d,1,2026-08-07,-0.3,-3.2,3.0,6.2,-0.1,80,0.44,low,3,high,0,model_A,,,
2026-08-06,A3,1w,7,2026-08-13,0.5,-5.5,6.5,12.0,0.5,80,0.52,low,3,high,0,model_A,,,
2026-08-06,A3,1m,30,2026-09-07,1.5,-11.0,15.0,26.0,2.0,80,0.54,low,2,medium,0,model_A,,,
2026-08-06,A4,1d,1,2026-08-07,1.2,-1.8,4.5,6.3,1.35,80,0.6,low,2,high,1,model_A,,,
2026-08-06,A4,1w,7,2026-08-13,0.6,-5.0,6.5,11.5,0.75,80,0.53,low,2,high,0,model_A,,,
2026-08-06,A4,1m,30,2026-09-07,2.2,-10.0,15.0,25.0,2.5,80,0.56,low,3,high,0,model_A,,,
2026-08-06,A5,1d,1,2026-08-07,0.0,-3.0,3.0,6.0,0.0,80,0.5,low,1,medium,0,model_A,,,
2026-08-06,A5,1w,7,2026-08-13,0.4,-6.0,6.5,12.5,0.25,80,0.52,low,2,medium,0,model_A,,,
2026-08-06,A5,1m,30,2026-09-07,2.0,-12.0,16.0,28.0,2.0,80,0.54,low,2,medium,0,model_A,,,
2026-08-06,A6,1d,1,2026-08-07,0.07,-0.15,0.35,0.5,0.1,80,0.6,low,1,medium,0,model_A,,,
2026-08-06,A6,1w,7,2026-08-13,0.45,-0.5,1.5,2.0,0.5,80,0.63,low,1,medium,0,model_A,,,
2026-08-06,A6,1m,30,2026-09-07,1.6,-0.8,4.2,5.0,1.7,80,0.72,low,1,medium,0,model_A,,,
2026-08-07,A1,1d,1,2026-08-10,1.4,-0.4,3.2,3.6,1.4,80,0.84,medium,4,,1,model_A,,,
2026-08-07,A1,1w,7,2026-08-14,1.8,-2.0,5.5,7.5,1.75,80,0.66,low,4,,0,model_A,,,
2026-08-07,A1,1m,30,2026-09-07,4.0,-3.5,12.0,15.5,4.25,80,0.7,low,3,,0,model_A,,,
2026-08-07,A6,1d,1,2026-08-10,0.1,-0.2,0.45,0.65,0.125,80,0.62,medium,3,,0,model_A,,,
2026-08-07,A6,1w,7,2026-08-14,0.4,-0.15,1.0,1.15,0.425,80,0.75,medium,2,,0,model_A,,,
2026-08-07,A6,1m,30,2026-09-07,1.9,0.4,3.6,3.2,2.0,80,0.88,medium,3,,0,model_A,,,
2026-08-07,A2,1d,1,2026-08-10,-0.05,-1.4,1.3,2.7,-0.05,80,0.48,medium,2,,0,model_A,,,
2026-08-07,A2,1w,7,2026-08-14,1.6,-3.5,6.5,10.0,1.5,80,0.62,low,3,,0,model_A,,,
2026-08-07,A2,1m,30,2026-09-07,3.0,-7.0,13.0,20.0,3.0,80,0.6,low,4,,0,model_A,,,
2026-08-07,A3,1d,1,2026-08-10,0.0,-1.6,1.6,3.2,0.0,80,0.49,low,2,,0,model_A,,,
2026-08-07,A3,1w,7,2026-08-14,1.4,-3.5,6.0,9.5,1.25,80,0.6,low,3,,0,model_A,,,
2026-08-07,A3,1m,30,2026-09-07,2.6,-7.0,12.0,19.0,2.5,80,0.58,low,3,,0,model_A,,,
2026-08-07,A4,1d,1,2026-08-10,1.0,-0.2,2.3,2.5,1.05,80,0.82,medium,2,,1,model_A,,,
2026-08-07,A4,1w,7,2026-08-14,1.8,-2.5,6.0,8.5,1.75,80,0.66,low,3,,0,model_A,,,
2026-08-07,A4,1m,30,2026-09-07,3.6,-4.0,12.0,16.0,4.0,80,0.68,low,3,,0,model_A,,,
2026-08-07,A5,1d,1,2026-08-10,-0.1,-1.2,1.0,2.2,-0.1,80,0.46,medium,2,,0,model_A,,,
2026-08-07,A5,1w,7,2026-08-14,0.9,-3.0,5.0,8.0,1.0,80,0.57,low,3,,0,model_A,,,
2026-08-07,A5,1m,30,2026-09-07,2.0,-6.0,10.0,16.0,2.0,80,0.55,low,2,,0,model_A,,,
2026-08-08,A1,1d,1,2026-08-10,0.2,-1.5,2.0,3.5,0.25,80,0.55,medium,4,,1,model_A,,,
2026-08-08,A1,1w,7,2026-08-17,1.0,-4.0,6.0,10.0,1.0,80,0.57,low,4,,0,model_A,,,
2026-08-08,A1,1m,30,2026-09-08,3.0,-5.0,11.0,16.0,3.0,80,0.66,low,4,,0,model_A,,,
2026-08-08,A6,1d,1,2026-08-10,0.08,-0.15,0.35,0.5,0.1,80,0.6,medium,2,,0,model_A,,,
2026-08-08,A6,1w,7,2026-08-17,0.4,-0.15,1.0,1.15,0.425,80,0.76,medium,3,,0,model_A,,,
2026-08-08,A6,1m,30,2026-09-08,1.85,0.3,3.6,3.3,1.95,80,0.88,medium,3,,0,model_A,,,
2026-08-08,A2,1d,1,2026-08-10,-0.05,-1.4,1.4,2.8,0.0,80,0.48,medium,3,,1,model_A,,,
2026-08-08,A2,1w,7,2026-08-17,1.8,-3.5,6.5,10.0,1.5,80,0.64,low,3,,0,model_A,,,
2026-08-08,A2,1m,30,2026-09-08,3.5,-7.0,13.0,20.0,3.0,80,0.6,low,4,,0,model_A,,,
2026-08-08,A3,1d,1,2026-08-10,0.0,-1.6,1.6,3.2,0.0,80,0.49,low,3,,0,model_A,,,
2026-08-08,A3,1w,7,2026-08-17,1.4,-3.5,6.0,9.5,1.25,80,0.61,low,4,,0,model_A,,,
2026-08-08,A3,1m,30,2026-09-08,2.8,-7.0,12.0,19.0,2.5,80,0.58,low,4,,0,model_A,,,
2026-08-08,A4,1d,1,2026-08-10,0.95,-0.3,2.2,2.5,0.95,80,0.8,medium,3,,1,model_A,,,
2026-08-08,A4,1w,7,2026-08-17,1.85,-2.8,6.0,8.8,1.6,80,0.65,low,4,,0,model_A,,,
2026-08-08,A4,1m,30,2026-09-08,3.6,-4.0,11.0,15.0,3.5,80,0.68,low,3,,0,model_A,,,
2026-08-08,A5,1d,1,2026-08-10,-0.1,-1.6,1.5,3.1,-0.05,80,0.46,low,2,,0,model_A,,,
2026-08-08,A5,1w,7,2026-08-17,0.7,-3.2,5.0,8.2,0.9,80,0.56,low,3,,0,model_A,,,
2026-08-08,A5,1m,30,2026-09-08,2.0,-6.0,10.0,16.0,2.0,80,0.55,low,3,,0,model_A,,,
2026-08-09,A1,1d,1,2026-08-10,0.25,-1.5,2.0,3.5,0.25,80,0.56,medium,4,medium,0,model_A,,,
2026-08-09,A1,1w,7,2026-08-17,1.0,-4.5,6.5,11.0,1.0,80,0.57,low,4,high,0,model_A,,,
2026-08-09,A1,1m,30,2026-09-08,3.0,-5.0,11.0,16.0,3.0,80,0.66,low,3,medium,0,model_A,,,
2026-08-09,A6,1d,1,2026-08-10,0.08,-0.15,0.35,0.5,0.1,80,0.6,medium,2,,0,model_A,,,
2026-08-09,A6,1w,7,2026-08-17,0.4,-0.4,1.2,1.6,0.4,80,0.72,medium,4,high,0,model_A,,,
2026-08-09,A6,1m,30,2026-09-08,1.85,0.3,3.6,3.3,1.95,80,0.88,medium,4,high,0,model_A,,,
2026-08-09,A2,1d,1,2026-08-10,-0.05,-1.4,1.4,2.8,0.0,80,0.48,medium,3,,0,model_A,,,
2026-08-09,A2,1w,7,2026-08-17,1.7,-4.0,6.5,10.5,1.25,80,0.62,low,4,high,0,model_A,,,
2026-08-09,A2,1m,30,2026-09-08,3.5,-7.0,13.0,20.0,3.0,80,0.6,low,4,,0,model_A,,,
2026-08-09,A3,1d,1,2026-08-10,0.0,-1.6,1.6,3.2,0.0,80,0.49,low,3,,0,model_A,,,
2026-08-09,A3,1w,7,2026-08-17,1.35,-3.8,6.0,9.8,1.1,80,0.6,low,5,high,0,model_A,,,
2026-08-09,A3,1m,30,2026-09-08,2.8,-7.0,12.0,19.0,2.5,80,0.58,low,4,,0,model_A,,,
2026-08-09,A4,1d,1,2026-08-10,0.95,-0.3,2.2,2.5,0.95,80,0.8,medium,3,,1,model_A,,,
2026-08-09,A4,1w,7,2026-08-17,1.85,-3.0,6.2,9.2,1.6,80,0.65,low,5,high,0,model_A,,,
2026-08-09,A4,1m,30,2026-09-08,3.6,-4.0,11.0,15.0,3.5,80,0.68,low,3,,0,model_A,,,
2026-08-09,A5,1d,1,2026-08-10,-0.1,-1.6,1.5,3.1,-0.05,80,0.46,low,2,low,0,model_A,,,
2026-08-09,A5,1w,7,2026-08-17,0.7,-3.8,5.2,9.0,0.7,80,0.55,low,4,high,0,model_A,,,
2026-08-09,A5,1m,30,2026-09-08,2.0,-6.0,10.0,16.0,2.0,80,0.55,low,3,high,0,model_A,,,
2026-08-10,A1,1d,1,2026-08-11,0.3,-1.4,2.1,3.5,0.35,80,0.57,low,3,high,1,model_A,,,
2026-08-10,A1,1w,7,2026-08-17,1.2,-5.5,8.0,13.5,1.25,80,0.58,low,4,high,0,model_A,,,
2026-08-10,A1,1m,30,2026-09-09,3.0,-6.0,13.0,19.0,3.5,80,0.65,low,3,high,0,model_A,,,
2026-08-10,A6,1d,1,2026-08-11,0.08,-0.2,0.4,0.6,0.1,80,0.6,medium,2,,0,model_A,,,
2026-08-10,A6,1w,7,2026-08-17,0.4,-0.45,1.25,1.7,0.4,80,0.7,medium,3,medium,0,model_A,,,
2026-08-10,A6,1m,30,2026-09-09,1.85,0.2,3.7,3.5,1.95,80,0.87,medium,3,medium,0,model_A,,,
2026-08-10,A2,1d,1,2026-08-11,0.6,-1.8,3.2,5.0,0.7,80,0.62,low,2,high,0,model_A,,,
2026-08-10,A2,1w,7,2026-08-17,1.5,-4.5,7.0,11.5,1.25,80,0.6,low,4,high,0,model_A,,,
2026-08-10,A2,1m,30,2026-09-09,3.5,-8.0,14.0,22.0,3.0,80,0.6,low,3,high,0,model_A,,,
2026-08-10,A3,1d,1,2026-08-11,0.35,-1.6,2.4,4.0,0.4,80,0.58,low,2,high,0,model_A,,,
2026-08-10,A3,1w,7,2026-08-17,1.1,-4.0,6.0,10.0,1.0,80,0.58,low,4,high,0,model_A,,,
2026-08-10,A3,1m,30,2026-09-09,2.8,-7.5,12.5,20.0,2.5,80,0.58,low,3,,0,model_A,,,
2026-08-10,A4,1d,1,2026-08-11,0.3,-1.8,2.6,4.4,0.4,80,0.55,low,2,high,0,model_A,,,
2026-08-10,A4,1w,7,2026-08-17,1.2,-4.0,6.5,10.5,1.25,80,0.58,low,4,high,0,model_A,,,
2026-08-10,A4,1m,30,2026-09-09,2.6,-5.0,11.0,16.0,3.0,80,0.63,low,2,medium,0,model_A,,,
2026-08-10,A5,1d,1,2026-08-11,0.0,-1.8,1.8,3.6,0.0,80,0.5,low,1,high,0,model_A,,,
2026-08-10,A5,1w,7,2026-08-17,0.6,-4.0,5.5,9.5,0.75,80,0.55,low,3,medium,0,model_A,,,
2026-08-10,A5,1m,30,2026-09-09,2.0,-6.5,10.5,17.0,2.0,80,0.55,low,3,medium,0,model_A,,,
2026-08-11,A1,1d,1,2026-08-12,0.15,-1.4,1.8,3.2,0.2,80,0.54,low,4,high,0,model_A,,,
2026-08-11,A1,1w,7,2026-08-18,1.2,-5.5,8.0,13.5,1.25,80,0.58,low,3,high,0,model_A,,,
2026-08-11,A1,1m,30,2026-09-10,3.0,-6.5,13.5,20.0,3.5,80,0.65,low,4,high,0,model_A,,,
2026-08-11,A6,1d,1,2026-08-12,0.08,-0.2,0.4,0.6,0.1,80,0.6,medium,2,high,0,model_A,,,
2026-08-11,A6,1w,7,2026-08-18,0.4,-0.45,1.25,1.7,0.4,80,0.7,medium,3,,0,model_A,,,
2026-08-11,A6,1m,30,2026-09-10,1.85,0.0,4.0,4.0,2.0,80,0.85,medium,3,,0,model_A,,,
2026-08-11,A2,1d,1,2026-08-12,0.1,-2.0,2.3,4.3,0.15,80,0.51,low,2,high,0,model_A,,,
2026-08-11,A2,1w,7,2026-08-18,1.4,-4.5,7.0,11.5,1.25,80,0.59,low,3,high,0,model_A,,,
2026-08-11,A2,1m,30,2026-09-10,3.5,-8.0,14.0,22.0,3.0,80,0.6,low,3,,0,model_A,,,
2026-08-11,A3,1d,1,2026-08-12,0.1,-1.8,2.1,3.9,0.15,80,0.51,low,1,high,0,model_A,,,
2026-08-11,A3,1w,7,2026-08-18,1.1,-4.0,6.0,10.0,1.0,80,0.58,low,3,high,0,model_A,,,
2026-08-11,A3,1m,30,2026-09-10,2.8,-7.5,12.5,20.0,2.5,80,0.58,low,4,,0,model_A,,,
2026-08-11,A4,1d,1,2026-08-12,0.2,-1.7,2.2,3.9,0.25,80,0.53,low,3,high,0,model_A,,,
2026-08-11,A4,1w,7,2026-08-18,1.1,-4.0,6.5,10.5,1.25,80,0.57,low,4,high,0,model_A,,,
2026-08-11,A4,1m,30,2026-09-10,2.4,-5.0,11.0,16.0,3.0,80,0.62,low,2,,0,model_A,,,
2026-08-11,A5,1d,1,2026-08-12,0.1,-1.7,1.9,3.6,0.1,80,0.52,low,1,high,0,model_A,,,
2026-08-11,A5,1w,7,2026-08-18,0.6,-4.0,5.5,9.5,0.75,80,0.55,low,2,,0,model_A,,,
2026-08-11,A5,1m,30,2026-09-10,2.0,-7.0,11.0,18.0,2.0,80,0.55,low,2,,0,model_A,,,
2026-08-12,A1,1d,1,2026-08-13,0.3,-2.2,2.8,5.0,0.3,80,0.55,low,3,high,0,model_A,,,
2026-08-12,A1,1w,7,2026-08-19,1.0,-5.5,8.0,13.5,1.25,80,0.56,low,3,high,0,model_A,,,
2026-08-12,A1,1m,30,2026-09-11,2.7,-6.5,13.5,20.0,3.5,80,0.63,low,3,medium,0,model_A,,,
2026-08-12,A6,1d,1,2026-08-13,0.05,-0.25,0.45,0.7,0.1,80,0.58,medium,2,high,0,model_A,,,
2026-08-12,A6,1w,7,2026-08-19,0.35,-0.45,1.25,1.7,0.4,80,0.68,medium,3,low,0,model_A,,,
2026-08-12,A6,1m,30,2026-09-11,1.6,0.0,3.8,3.8,1.9,80,0.84,medium,3,low,0,model_A,,,
2026-08-12,A2,1d,1,2026-08-13,0.0,-2.4,2.6,5.0,0.1,80,0.5,low,2,high,0,model_A,,,
2026-08-12,A2,1w,7,2026-08-19,1.2,-4.5,7.0,11.5,1.25,80,0.57,low,3,high,0,model_A,,,
2026-08-12,A2,1m,30,2026-09-11,3.0,-8.0,14.0,22.0,3.0,80,0.58,low,3,low,0,model_A,,,
2026-08-12,A3,1d,1,2026-08-13,0.0,-2.2,2.4,4.6,0.1,80,0.5,low,3,high,0,model_A,,,
2026-08-12,A3,1w,7,2026-08-19,0.9,-4.0,6.0,10.0,1.0,80,0.56,low,3,high,0,model_A,,,
2026-08-12,A3,1m,30,2026-09-11,2.4,-7.5,12.5,20.0,2.5,80,0.56,low,4,low,0,model_A,,,
2026-08-12,A4,1d,1,2026-08-13,0.15,-2.1,2.5,4.6,0.2,80,0.52,low,3,high,0,model_A,,,
2026-08-12,A4,1w,7,2026-08-19,0.9,-4.0,6.5,10.5,1.25,80,0.56,low,4,high,0,model_A,,,
2026-08-12,A4,1m,30,2026-09-11,2.1,-5.0,11.0,16.0,3.0,80,0.6,low,2,low,0,model_A,,,
2026-08-12,A5,1d,1,2026-08-13,0.0,-1.9,2.0,3.9,0.05,80,0.5,low,1,medium,0,model_A,,,
2026-08-12,A5,1w,7,2026-08-19,0.5,-4.0,5.5,9.5,0.75,80,0.54,low,2,,0,model_A,,,
2026-08-12,A5,1m,30,2026-09-11,1.8,-7.0,11.0,18.0,2.0,80,0.54,low,2,,0,model_A,,,
2026-08-13,A1,1w,7,2026-08-20,0.9,-4.5,6.5,11.0,1.0,80,0.56,low,3,high,0,model_A,,,
2026-08-13,A1,1m,30,2026-09-14,2.5,-6.5,12.5,19.0,3.0,80,0.62,low,3,high,0,model_A,,,
2026-08-13,A6,1d,1,2026-08-14,0.05,-0.2,0.35,0.55,0.075,80,0.58,medium,2,high,0,model_A,,,
2026-08-13,A6,1w,7,2026-08-20,0.3,-0.4,1.1,1.5,0.35,80,0.68,medium,2,high,0,model_A,,,
2026-08-13,A6,1m,30,2026-09-14,1.4,-0.2,3.6,3.8,1.7,80,0.82,medium,3,,0,model_A,,,
2026-08-13,A2,1w,7,2026-08-20,1.2,-4.0,6.5,10.5,1.25,80,0.58,low,2,high,0,model_A,,,
2026-08-13,A2,1m,30,2026-09-14,2.8,-7.5,13.0,20.5,2.75,80,0.57,low,3,,0,model_A,,,
2026-08-13,A3,1w,7,2026-08-20,1.0,-3.8,5.8,9.6,1.0,80,0.57,low,3,high,0,model_A,,,
2026-08-13,A3,1m,30,2026-09-14,2.2,-7.0,12.0,19.0,2.5,80,0.56,low,3,,0,model_A,,,
2026-08-13,A4,1w,7,2026-08-20,0.7,-3.8,5.8,9.6,1.0,80,0.55,low,2,medium,0,model_A,,,
2026-08-13,A4,1m,30,2026-09-14,1.9,-5.0,10.5,15.5,2.75,80,0.58,low,2,,0,model_A,,,
2026-08-13,A5,1w,7,2026-08-20,0.6,-4.0,5.5,9.5,0.75,80,0.55,low,2,high,0,model_A,,,
2026-08-13,A5,1m,30,2026-09-14,1.8,-7.0,11.0,18.0,2.0,80,0.55,low,2,,0,model_A,,,
2026-08-13,A2,1d,1,2026-08-14,0.75,-1.25,2.75,4.0,0.75,80,0.68,low,3,high,1,model_A,,,
2026-08-13,A3,1d,1,2026-08-14,0.52,-1.4,2.6,4.0,0.6,80,0.63,low,3,high,0,model_A,,,
2026-08-13,A4,1d,1,2026-08-14,-1.0,-2.8,0.9,3.7,-0.95,80,0.27,low,2,high,0,model_A,,,
2026-08-13,A5,1d,1,2026-08-14,0.1,-1.6,1.8,3.4,0.1,80,0.52,low,2,medium,0,model_A,,,
2026-08-13,A1,1d,1,2026-08-14,0.02,-1.8,1.9,3.7,0.05,80,0.52,low,2,high,0,model_A,,,
2026-08-14,A1,1d,1,2026-08-17,0.1,-1.85,2.05,3.9,0.1,80,0.53,low,3,high,0,model_A,,,
2026-08-14,A2,1d,1,2026-08-17,0.25,-1.85,2.45,4.3,0.3,80,0.57,low,3,high,0,model_A,,,
2026-08-14,A3,1d,1,2026-08-17,0.2,-2.0,2.6,4.6,0.3,80,0.55,low,3,high,0,model_A,,,
2026-08-14,A4,1d,1,2026-08-17,-0.55,-2.6,1.5,4.1,-0.55,80,0.38,low,3,high,0,model_A,,,
2026-08-14,A5,1d,1,2026-08-17,0.2,-1.5,1.9,3.4,0.2,80,0.55,low,3,high,0,model_A,,,
2026-08-14,A6,1d,1,2026-08-17,0.07,-0.15,0.35,0.5,0.1,80,0.68,low,2,high,0,model_A,,,
2026-08-14,A1,1w,7,2026-08-21,0.9,-3.8,5.8,9.6,1.0,80,0.58,low,3,high,0,model_A,,,
2026-08-14,A2,1w,7,2026-08-21,1.1,-4.5,6.8,11.3,1.15,80,0.6,low,3,high,1,model_A,,,
2026-08-14,A3,1w,7,2026-08-21,0.95,-4.5,6.5,11.0,1.0,80,0.58,low,3,high,0,model_A,,,
2026-08-14,A4,1w,7,2026-08-21,0.9,-4.5,6.3,10.8,0.9,80,0.57,low,3,high,1,model_A,,,
2026-08-14,A5,1w,7,2026-08-21,0.8,-3.5,5.2,8.7,0.85,80,0.57,low,2,high,0,model_A,,,
2026-08-14,A6,1w,7,2026-08-21,0.32,-0.15,0.9,1.05,0.375,80,0.72,low,2,high,0,model_A,,,
2026-08-14,A1,1m,30,2026-09-14,2.8,-7.5,13.5,21.0,3.0,80,0.6,low,3,high,0,model_A,,,
2026-08-14,A4,1m,30,2026-09-14,2.8,-9.0,15.0,24.0,3.0,80,0.58,low,2,high,0,model_A,,,
2026-08-14,A2,1m,30,2026-09-14,3.2,-10.0,17.0,27.0,3.5,80,0.6,low,2,high,0,model_A,,,
2026-08-14,A3,1m,30,2026-09-14,2.8,-10.0,16.0,26.0,3.0,80,0.58,low,2,high,0,model_A,,,
2026-08-14,A5,1m,30,2026-09-14,2.5,-8.0,13.0,21.0,2.5,80,0.58,low,2,high,0,model_A,,,
2026-08-14,A6,1m,30,2026-09-14,1.4,-0.3,3.5,3.8,1.6,80,0.75,low,1,high,0,model_A,,,
2026-08-15,A1,1d,1,2026-08-17,0.08,-1.65,1.95,3.6,0.15,80,0.52,low,3,high,0,model_A,,,
2026-08-15,A6,1d,1,2026-08-17,0.06,-0.14,0.3,0.44,0.08,80,0.62,medium,2,high,0,model_A,,,
2026-08-15,A2,1d,1,2026-08-17,-0.25,-1.7,0.95,2.65,-0.375,80,0.4,medium,2,high,0,model_A,,,
2026-08-15,A3,1d,1,2026-08-17,-0.05,-1.65,1.55,3.2,-0.05,80,0.47,low,3,high,0,model_A,,,
2026-08-15,A4,1d,1,2026-08-17,0.9,-1.2,3.1,4.3,0.95,80,0.66,low,2,high,0,model_A,,,
2026-08-15,A5,1d,1,2026-08-17,0.2,-1.45,1.85,3.3,0.2,80,0.55,low,1,medium,0,model_A,,,
2026-08-15,A1,1w,7,2026-08-24,0.7,-2.8,4.4,7.2,0.8,80,0.56,low,4,high,0,model_A,,,
2026-08-15,A6,1w,7,2026-08-24,0.3,-0.2,0.9,1.1,0.35,80,0.72,medium,2,high,0,model_A,,,
2026-08-15,A2,1w,7,2026-08-24,0.4,-3.6,4.6,8.2,0.5,80,0.54,low,3,high,0,model_A,,,
2026-08-15,A3,1w,7,2026-08-24,0.4,-3.3,4.2,7.5,0.45,80,0.53,low,3,high,0,model_A,,,
2026-08-15,A4,1w,7,2026-08-24,1.4,-2.4,5.2,7.6,1.4,80,0.62,low,3,high,0,model_A,,,
2026-08-15,A5,1w,7,2026-08-24,0.7,-3.4,4.8,8.2,0.7,80,0.55,low,1,medium,0,model_A,,,
2026-08-15,A1,1m,30,2026-09-15,2.6,-4.5,10.5,15.0,3.0,80,0.62,low,3,high,0,model_A,,,
2026-08-15,A6,1m,30,2026-09-15,1.35,0.2,2.8,2.6,1.5,80,0.85,medium,1,medium,0,model_A,,,
2026-08-15,A2,1m,30,2026-09-15,2.2,-7.5,12.0,19.5,2.25,80,0.56,low,3,high,0,model_A,,,
2026-08-15,A3,1m,30,2026-09-15,2.0,-6.5,10.5,17.0,2.0,80,0.55,low,3,high,0,model_A,,,
2026-08-15,A4,1m,30,2026-09-15,3.0,-5.0,11.5,16.5,3.25,80,0.61,low,3,high,0,model_A,,,
2026-08-15,A5,1m,30,2026-09-15,2.4,-6.0,11.0,17.0,2.5,80,0.56,low,1,medium,0,model_A,,,
2026-08-16,A1,1d,1,2026-08-17,0.05,-1.62,1.9,3.52,0.14,80,0.52,low,4,high,0,model_A,,,
2026-08-16,A6,1d,1,2026-08-17,0.07,-0.15,0.32,0.47,0.085,80,0.63,medium,1,medium,0,model_A,,,
2026-08-16,A2,1d,1,2026-08-17,-0.2,-1.65,1.0,2.65,-0.325,80,0.42,medium,2,medium,0,model_A,,,
2026-08-16,A3,1d,1,2026-08-17,-0.05,-1.6,1.5,3.1,-0.05,80,0.47,low,2,medium,0,model_A,,,
2026-08-16,A4,1d,1,2026-08-17,0.85,-1.25,3.05,4.3,0.9,80,0.65,low,2,high,0,model_A,,,
2026-08-16,A5,1d,1,2026-08-17,0.2,-1.4,1.8,3.2,0.2,80,0.55,low,1,medium,0,model_A,,,
2026-08-16,A1,1w,7,2026-08-24,0.65,-2.85,4.35,7.2,0.75,80,0.55,low,3,high,0,model_A,,,
2026-08-16,A6,1w,7,2026-08-24,0.32,-0.18,0.92,1.1,0.37,80,0.73,medium,1,medium,0,model_A,,,
2026-08-16,A2,1w,7,2026-08-24,0.35,-3.65,4.55,8.2,0.45,80,0.53,low,2,high,0,model_A,,,
2026-08-16,A3,1w,7,2026-08-24,0.35,-3.35,4.15,7.5,0.4,80,0.53,low,2,high,0,model_A,,,
2026-08-16,A4,1w,7,2026-08-24,1.3,-2.45,5.1,7.55,1.325,80,0.61,low,2,high,0,model_A,,,
2026-08-16,A5,1w,7,2026-08-24,0.65,-3.45,4.75,8.2,0.65,80,0.55,low,2,medium,0,model_A,,,
2026-08-16,A1,1m,30,2026-09-16,2.5,-4.6,10.4,15.0,2.9,80,0.61,low,3,high,0,model_A,,,
2026-08-16,A6,1m,30,2026-09-16,1.45,0.25,2.9,2.65,1.575,80,0.86,medium,1,medium,0,model_A,,,
2026-08-16,A2,1m,30,2026-09-16,2.1,-7.6,11.9,19.5,2.15,80,0.56,low,2,high,0,model_A,,,
2026-08-16,A3,1m,30,2026-09-16,1.95,-6.6,10.4,17.0,1.9,80,0.55,low,2,high,0,model_A,,,
2026-08-16,A4,1m,30,2026-09-16,2.9,-5.1,11.4,16.5,3.15,80,0.6,low,2,high,0,model_A,,,
2026-08-16,A5,1m,30,2026-09-16,2.3,-6.1,10.9,17.0,2.4,80,0.56,low,2,high,0,model_A,,,
2026-08-17,A1,1d,1,2026-08-18,0.22,-1.42,1.86,3.28,0.22,80,0.56,low,2,high,0,model_A,,,
2026-08-17,A1,1w,7,2026-08-24,0.9,-2.8,4.6,7.4,0.9,80,0.58,low,2,high,0,model_A,,,
2026-08-17,A1,1m,30,2026-09-17,2.5,-5.0,10.0,15.0,2.5,80,0.62,low,2,high,0,model_A,,,
2026-08-17,A2,1d,1,2026-08-18,0.16,-1.3,1.62,2.92,0.16,80,0.54,low,1,high,0,model_A,,,
2026-08-17,A2,1w,7,2026-08-24,1.0,-2.3,4.3,6.6,1.0,80,0.57,low,1,high,0,model_A,,,
2026-08-17,A2,1m,30,2026-09-17,2.8,-3.9,9.5,13.4,2.8,80,0.57,low,1,high,0,model_A,,,
2026-08-17,A3,1d,1,2026-08-18,0.14,-1.56,1.84,3.4,0.14,80,0.54,low,1,high,0,model_A,,,
2026-08-17,A3,1w,7,2026-08-24,0.9,-2.7,4.5,7.2,0.9,80,0.56,low,1,high,0,model_A,,,
2026-08-17,A3,1m,30,2026-09-17,2.2,-4.8,9.2,14.0,2.2,80,0.56,low,1,high,0,model_A,,,
2026-08-17,A4,1d,1,2026-08-18,0.4,-1.5,2.3,3.8,0.4,80,0.58,low,2,high,0,model_A,,,
2026-08-17,A4,1w,7,2026-08-24,0.7,-3.5,4.9,8.4,0.7,80,0.55,low,2,medium,0,model_A,,,
2026-08-17,A4,1m,30,2026-09-17,1.9,-6.7,10.5,17.2,1.9,80,0.58,low,2,medium,0,model_A,,,
2026-08-17,A5,1d,1,2026-08-18,0.17,-1.33,1.67,3.0,0.17,80,0.54,low,2,high,0,model_A,,,
2026-08-17,A5,1w,7,2026-08-24,0.6,-2.6,3.8,6.4,0.6,80,0.55,low,2,high,0,model_A,,,
2026-08-17,A5,1m,30,2026-09-17,1.8,-4.7,8.3,13.0,1.8,80,0.55,low,1,high,0,model_A,,,
2026-08-17,A6,1d,1,2026-08-18,0.04,-0.18,0.3,0.48,0.06,80,0.58,low,1,high,0,model_A,,,
2026-08-17,A6,1w,7,2026-08-24,0.25,-0.15,0.7,0.85,0.275,80,0.66,low,1,high,0,model_A,,,
2026-08-17,A6,1m,30,2026-09-17,1.6,0.3,3.0,2.7,1.65,80,0.82,low,1,high,0,model_A,,,
2026-08-18,A1,1d,1,2026-08-19,0.18,-1.46,1.82,3.28,0.18,80,0.57,low,3,high,0,model_A,,,
2026-08-18,A1,1w,7,2026-08-25,0.9,-3.3,5.1,8.4,0.9,80,0.58,low,4,high,0,model_A,,,
2026-08-18,A1,1m,30,2026-09-18,2.5,-6.0,11.0,17.0,2.5,80,0.62,low,4,high,0,model_A,,,
2026-08-18,A2,1d,1,2026-08-19,0.12,-1.34,1.58,2.92,0.12,80,0.53,low,2,high,0,model_A,,,
2026-08-18,A2,1w,7,2026-08-25,1.0,-2.6,4.6,7.2,1.0,80,0.57,low,3,high,0,model_A,,,
2026-08-18,A2,1m,30,2026-09-18,2.8,-4.5,10.2,14.7,2.85,80,0.57,low,3,high,0,model_A,,,
2026-08-18,A3,1d,1,2026-08-19,0.13,-1.57,1.83,3.4,0.13,80,0.54,low,3,high,0,model_A,,,
2026-08-18,A3,1w,7,2026-08-25,0.9,-3.0,4.8,7.8,0.9,80,0.56,low,4,high,0,model_A,,,
2026-08-18,A3,1m,30,2026-09-18,2.2,-5.4,9.8,15.2,2.2,80,0.56,low,4,high,0,model_A,,,
2026-08-18,A4,1d,1,2026-08-19,0.15,-1.75,2.05,3.8,0.15,80,0.55,low,3,high,0,model_A,,,
2026-08-18,A4,1w,7,2026-08-25,0.7,-3.8,5.2,9.0,0.7,80,0.55,low,4,high,0,model_A,,,
2026-08-18,A4,1m,30,2026-09-18,1.9,-7.5,11.3,18.8,1.9,80,0.58,low,4,high,0,model_A,,,
2026-08-18,A5,1d,1,2026-08-19,0.13,-1.37,1.63,3.0,0.13,80,0.54,low,2,high,1,model_A,,,
2026-08-18,A5,1w,7,2026-08-25,0.6,-2.9,4.1,7.0,0.6,80,0.55,low,3,high,0,model_A,,,
2026-08-18,A5,1m,30,2026-09-18,1.8,-5.3,8.9,14.2,1.8,80,0.55,low,3,high,0,model_A,,,
2026-08-18,A6,1d,1,2026-08-19,0.04,-0.2,0.28,0.48,0.04,80,0.57,low,1,medium,0,model_A,,,
2026-08-18,A6,1w,7,2026-08-25,0.25,-0.15,0.7,0.85,0.275,80,0.66,low,2,high,0,model_A,,,
2026-08-18,A6,1m,30,2026-09-18,1.6,0.3,3.0,2.7,1.65,80,0.82,low,2,high,0,model_A,,,
2026-08-19,A1,1d,1,2026-08-20,0.15,-1.85,2.15,4.0,0.15,80,0.55,low,4,high,0,model_A,,,
2026-08-19,A1,1w,7,2026-08-26,0.6,-4.2,5.4,9.6,0.6,80,0.56,low,3,high,0,model_A,,,
2026-08-19,A1,1m,30,2026-09-18,2.5,-6.0,11.0,17.0,2.5,80,0.6,low,2,high,0,model_A,,,
2026-08-19,A2,1d,1,2026-08-20,0.06,-1.74,1.86,3.6,0.06,80,0.51,low,4,high,0,model_A,,,
2026-08-19,A2,1w,7,2026-08-26,0.3,-3.9,4.5,8.4,0.3,80,0.53,low,3,high,0,model_A,,,
2026-08-19,A2,1m,30,2026-09-18,2.0,-9.0,13.0,22.0,2.0,80,0.56,low,3,high,0,model_A,,,
2026-08-19,A3,1d,1,2026-08-20,0.05,-1.8,1.9,3.7,0.05,80,0.51,low,4,high,0,model_A,,,
2026-08-19,A3,1w,7,2026-08-26,0.35,-4.0,4.7,8.7,0.35,80,0.53,low,3,high,0,model_A,,,
2026-08-19,A3,1m,30,2026-09-18,2.2,-9.0,13.5,22.5,2.25,80,0.56,low,3,high,0,model_A,,,
2026-08-19,A4,1d,1,2026-08-20,0.6,-1.85,3.05,4.9,0.6,80,0.6,low,3,high,0,model_A,,,
2026-08-19,A4,1w,7,2026-08-26,0.8,-5.2,6.8,12.0,0.8,80,0.56,low,3,high,0,model_A,,,
2026-08-19,A4,1m,30,2026-09-18,2.8,-10.0,15.5,25.5,2.75,80,0.58,low,3,high,0,model_A,,,
2026-08-19,A5,1d,1,2026-08-20,0.15,-1.3,1.6,2.9,0.15,80,0.55,low,1,medium,0,model_A,,,
2026-08-19,A5,1w,7,2026-08-26,0.7,-2.9,4.3,7.2,0.7,80,0.56,low,2,high,0,model_A,,,
2026-08-19,A5,1m,30,2026-09-18,3.0,-7.0,13.0,20.0,3.0,80,0.6,low,1,medium,0,model_A,,,
2026-08-19,A6,1d,1,2026-08-20,0.05,-0.18,0.3,0.48,0.06,80,0.66,low,2,high,0,model_A,,,
2026-08-19,A6,1w,7,2026-08-26,0.25,-0.35,1.1,1.45,0.375,80,0.7,low,1,low,0,model_A,,,
2026-08-19,A6,1m,30,2026-09-18,1.1,-0.5,3.0,3.5,1.25,80,0.75,low,1,low,0,model_A,,,
2026-08-20,A1,1d,1,2026-08-21,0.15,-1.95,2.25,4.2,0.15,80,0.55,low,5,high,0,model_A,-1.84,2.207,ampirik_p10p90_250g_v5
2026-08-20,A2,1d,1,2026-08-21,0.2,-1.75,2.15,3.9,0.2,80,0.52,low,5,high,0,model_A,-1.672,1.863,ampirik_p10p90_250g_v5
2026-08-20,A3,1d,1,2026-08-21,0.13,-1.55,1.85,3.4,0.15,80,0.53,low,4,high,0,model_A,-1.313,1.662,ampirik_p10p90_250g_v5
2026-08-20,A4,1d,1,2026-08-21,1.8,-0.85,4.45,5.3,1.8,80,0.66,low,3,high,1,model_A,-0.316,4.115,ampirik_p10p90_250g_v5
2026-08-20,A5,1d,1,2026-08-21,0.1,-1.4,1.6,3.0,0.1,80,0.55,low,2,high,0,model_A,-1.424,1.616,ampirik_p10p90_250g_v5
2026-08-20,A6,1d,1,2026-08-21,0.04,-0.05,0.2,0.25,0.075,80,0.66,low,2,high,0,model_A,-0.05,0.185,ampirik_p10p90_250g_v5
2026-08-20,A1,1w,7,2026-08-27,0.7,-4.2,6.0,10.2,0.9,80,0.55,low,3,high,0,model_A,,,
2026-08-20,A2,1w,7,2026-08-27,0.9,-4.2,6.0,10.2,0.9,80,0.56,low,3,high,0,model_A,,,
2026-08-20,A3,1w,7,2026-08-27,0.7,-3.6,5.2,8.8,0.8,80,0.55,low,4,high,0,model_A,,,
2026-08-20,A4,1w,7,2026-08-27,1.4,-3.6,6.4,10.0,1.4,80,0.6,low,2,high,0,model_A,,,
2026-08-20,A5,1w,7,2026-08-27,0.5,-4.0,5.2,9.2,0.6,80,0.54,low,2,high,0,model_A,,,
2026-08-20,A6,1w,7,2026-08-27,0.22,-0.15,0.75,0.9,0.3,80,0.68,medium,1,medium,0,model_A,,,
2026-08-21,A1,1d,1,2026-08-24,0.15,-1.85,2.15,4.0,0.15,80,0.53,low,6,high,0,model_A,-1.846,2.207,ampirik_p10p90_250g_v5
2026-08-21,A2,1d,1,2026-08-24,0.18,-1.75,2.1,3.85,0.175,80,0.52,low,5,high,0,model_A,-1.687,1.848,ampirik_p10p90_250g_v5
2026-08-21,A3,1d,1,2026-08-24,0.13,-1.47,1.73,3.2,0.13,80,0.52,low,4,high,0,model_A,-1.312,1.663,ampirik_p10p90_250g_v5
2026-08-21,A4,1d,1,2026-08-24,1.25,-1.25,3.75,5.0,1.25,80,0.58,low,4,high,0,model_A,-0.876,3.556,ampirik_p10p90_250g_v5
2026-08-21,A5,1d,1,2026-08-24,0.09,-1.41,1.59,3.0,0.09,80,0.52,low,3,high,0,model_A,-1.427,1.613,ampirik_p10p90_250g_v5
2026-08-21,A6,1d,1,2026-08-24,0.06,-0.05,0.24,0.29,0.095,80,0.66,low,3,high,0,model_A,-0.041,0.199,ampirik_p10p90_250g_v5
2026-08-21,A1,1w,7,2026-08-28,0.6,-4.0,5.2,9.2,0.6,80,0.54,low,5,high,0,model_A,,,
2026-08-21,A2,1w,7,2026-08-28,0.7,-4.2,5.6,9.8,0.7,80,0.54,low,5,high,0,model_A,,,
2026-08-21,A3,1w,7,2026-08-28,0.5,-3.6,4.6,8.2,0.5,80,0.53,low,4,high,0,model_A,,,
2026-08-21,A4,1w,7,2026-08-28,0.8,-4.8,6.4,11.2,0.8,80,0.55,low,5,high,0,model_A,,,
2026-08-21,A5,1w,7,2026-08-28,0.5,-3.3,4.3,7.6,0.5,80,0.53,low,3,high,0,model_A,,,
2026-08-21,A6,1w,7,2026-08-28,0.32,-0.15,0.9,1.05,0.375,80,0.72,low,3,medium,0,model_A,,,
2026-08-21,A1,1m,30,2026-09-21,2.5,-9.0,13.5,22.5,2.25,80,0.58,low,3,high,0,model_A,,,
2026-08-21,A2,1m,30,2026-09-21,2.5,-9.5,14.0,23.5,2.25,80,0.57,low,3,high,0,model_A,,,
2026-08-21,A3,1m,30,2026-09-21,1.8,-8.0,11.5,19.5,1.75,80,0.56,low,3,high,0,model_A,,,
2026-08-21,A4,1m,30,2026-09-21,2.6,-10.5,15.5,26.0,2.5,80,0.57,low,4,high,0,model_A,,,
2026-08-21,A5,1m,30,2026-09-21,1.8,-8.0,11.5,19.5,1.75,80,0.56,low,2,high,0,model_A,,,
2026-08-21,A6,1m,30,2026-09-21,1.35,-0.3,3.0,3.3,1.35,80,0.8,medium,2,medium,1,model_A,,,
2026-08-22,A1,1d,1,2026-08-24,0.3,-1.55,2.15,3.7,0.3,80,0.56,low,0,,0,model_A,-1.698,2.355,ampirik_p10p90_250g_v5
2026-08-22,A2,1d,1,2026-08-24,0.3,-1.35,1.95,3.3,0.3,80,0.56,medium,0,,0,model_A,-1.567,1.968,ampirik_p10p90_250g_v5
2026-08-22,A3,1d,1,2026-08-24,0.3,-1.05,1.65,2.7,0.3,80,0.57,medium,0,,0,model_A,-1.142,1.833,ampirik_p10p90_250g_v5
2026-08-22,A4,1d,1,2026-08-24,1.5,-0.55,3.55,4.1,1.5,80,0.82,medium,0,,0,model_A,-0.626,3.806,ampirik_p10p90_250g_v5
2026-08-22,A5,1d,1,2026-08-24,0.69,-0.15,1.55,1.7,0.7,80,0.85,medium,0,,0,model_A,-0.827,2.213,ampirik_p10p90_250g_v5
2026-08-22,A6,1d,1,2026-08-24,0.06,-0.05,0.23,0.28,0.09,80,0.65,low,0,,0,model_A,-0.031,0.204,ampirik_p10p90_250g_v5
2026-08-22,A1,1w,7,2026-08-31,0.6,-4.0,5.2,9.2,0.6,80,0.54,low,0,,0,model_A,,,
2026-08-22,A2,1w,7,2026-08-31,0.7,-4.2,5.6,9.8,0.7,80,0.54,low,0,,0,model_A,,,
2026-08-22,A3,1w,7,2026-08-31,0.5,-3.6,4.6,8.2,0.5,80,0.53,low,0,,0,model_A,,,
2026-08-22,A4,1w,7,2026-08-31,1.6,-4.0,7.2,11.2,1.6,80,0.57,low,0,,0,model_A,,,
2026-08-22,A5,1w,7,2026-08-31,0.8,-3.0,4.6,7.6,0.8,80,0.55,low,0,,0,model_A,,,
2026-08-22,A6,1w,7,2026-08-31,0.36,-0.12,0.92,1.04,0.4,80,0.72,low,0,,0,model_A,,,
2026-08-22,A1,1m,30,2026-09-21,2.0,-9.0,13.5,22.5,2.25,80,0.57,low,0,,0,model_A,,,
2026-08-22,A2,1m,30,2026-09-21,2.5,-9.5,14.0,23.5,2.25,80,0.57,low,0,,0,model_A,,,
2026-08-22,A3,1m,30,2026-09-21,1.8,-8.0,11.5,19.5,1.75,80,0.56,low,0,,0,model_A,,,
2026-08-22,A4,1m,30,2026-09-21,2.6,-10.5,15.5,26.0,2.5,80,0.57,low,0,,0,model_A,,,
2026-08-22,A5,1m,30,2026-09-21,1.8,-8.0,11.5,19.5,1.75,80,0.56,low,0,,0,model_A,,,
2026-08-22,A6,1m,30,2026-09-21,1.4,-0.3,3.0,3.3,1.35,80,0.8,low,0,,0,model_A,,,
2026-08-23,A1,1d,1,2026-08-24,0.3,-1.55,2.15,3.7,0.3,80,0.56,low,0,,0,model_A,-1.686,2.361,ampirik_p10p90_250g_v5
2026-08-23,A2,1d,1,2026-08-24,0.3,-1.35,1.95,3.3,0.3,80,0.56,medium,0,,0,model_A,-1.567,1.968,ampirik_p10p90_250g_v5
2026-08-23,A3,1d,1,2026-08-24,0.3,-1.05,1.65,2.7,0.3,80,0.57,medium,0,,0,model_A,-1.142,1.833,ampirik_p10p90_250g_v5
2026-08-23,A4,1d,1,2026-08-24,1.75,-0.05,3.55,3.6,1.75,80,0.87,medium,0,,0,model_A,-0.376,4.056,ampirik_p10p90_250g_v5
2026-08-23,A5,1d,1,2026-08-24,0.69,-0.15,1.55,1.7,0.7,80,0.85,medium,0,,0,model_A,-0.827,2.213,ampirik_p10p90_250g_v5
2026-08-23,A6,1d,1,2026-08-24,0.06,-0.05,0.23,0.28,0.09,80,0.65,low,0,,0,model_A,-0.031,0.204,ampirik_p10p90_250g_v5
2026-08-23,A1,1w,7,2026-08-31,0.6,-4.0,5.2,9.2,0.6,80,0.54,low,0,,0,model_A,,,
2026-08-23,A2,1w,7,2026-08-31,0.7,-4.2,5.6,9.8,0.7,80,0.54,low,0,,0,model_A,,,
2026-08-23,A3,1w,7,2026-08-31,0.5,-3.6,4.6,8.2,0.5,80,0.53,low,0,,0,model_A,,,
2026-08-23,A4,1w,7,2026-08-31,1.85,-4.2,7.0,11.2,1.4,80,0.57,low,0,,0,model_A,,,
2026-08-23,A5,1w,7,2026-08-31,0.8,-3.0,4.6,7.6,0.8,80,0.55,low,0,,0,model_A,,,
2026-08-23,A6,1w,7,2026-08-31,0.36,-0.12,0.92,1.04,0.4,80,0.72,low,0,,0,model_A,,,
2026-08-23,A1,1m,30,2026-09-23,2.0,-9.0,13.5,22.5,2.25,80,0.57,low,0,,0,model_A,,,
2026-08-23,A2,1m,30,2026-09-23,2.5,-9.5,14.0,23.5,2.25,80,0.57,low,0,,0,model_A,,,
2026-08-23,A3,1m,30,2026-09-23,1.8,-8.0,11.5,19.5,1.75,80,0.56,low,0,,0,model_A,,,
2026-08-23,A4,1m,30,2026-09-23,2.6,-10.5,15.5,26.0,2.5,80,0.57,low,0,,0,model_A,,,
2026-08-23,A5,1m,30,2026-09-23,1.8,-8.0,11.5,19.5,1.75,80,0.56,low,0,,0,model_A,,,
2026-08-23,A6,1m,30,2026-09-23,1.4,-0.3,3.0,3.3,1.35,80,0.8,low,0,,0,model_A,,,
2026-08-24,A1,1d,1,2026-08-25,0.1,-1.75,1.95,3.7,0.1,80,0.52,low,0,,0,model_A,-1.905,2.147,ampirik_p10p90_250g_v5
2026-08-24,A2,1d,1,2026-08-25,0.15,-1.75,2.05,3.8,0.15,80,0.53,low,0,,0,model_A,,,
2026-08-24,A3,1d,1,2026-08-25,0.2,-1.35,1.75,3.1,0.2,80,0.54,low,0,,0,model_A,,,
2026-08-24,A4,1d,1,2026-08-25,0.6,-1.45,2.65,4.1,0.6,80,0.6,low,0,,0,model_A,,,
2026-08-24,A5,1d,1,2026-08-25,0.55,-0.65,1.75,2.4,0.55,80,0.72,medium,0,,0,model_A,,,
2026-08-24,A6,1d,1,2026-08-25,0.08,-0.04,0.24,0.28,0.1,80,0.68,low,0,,0,model_A,,,
2026-08-24,A1,1w,7,2026-08-31,0.7,-4.0,5.2,9.2,0.6,80,0.55,low,0,,0,model_A,,,
2026-08-24,A2,1w,7,2026-08-31,0.6,-4.2,5.6,9.8,0.7,80,0.54,low,0,,0,model_A,,,
2026-08-24,A3,1w,7,2026-08-31,0.8,-3.6,4.8,8.4,0.6,80,0.55,low,0,,0,model_A,,,
2026-08-24,A4,1w,7,2026-08-31,0.8,-4.6,6.4,11.0,0.9,80,0.55,low,0,,0,model_A,,,
2026-08-24,A5,1w,7,2026-08-31,1.8,-2.6,5.6,8.2,1.5,80,0.62,low,0,,0,model_A,,,
2026-08-24,A6,1w,7,2026-08-31,0.42,-0.1,1.0,1.1,0.45,80,0.73,low,0,,0,model_A,,,
2026-08-24,A1,1m,30,2026-09-23,1.6,-9.0,13.0,22.0,2.0,80,0.56,low,0,,0,model_A,,,
2026-08-24,A2,1m,30,2026-09-23,2.4,-9.5,14.0,23.5,2.25,80,0.57,low,0,,0,model_A,,,
2026-08-24,A3,1m,30,2026-09-23,2.0,-8.0,11.5,19.5,1.75,80,0.56,low,0,,0,model_A,,,
2026-08-24,A4,1m,30,2026-09-23,2.2,-10.5,15.0,25.5,2.25,80,0.56,low,0,,0,model_A,,,
2026-08-24,A5,1m,30,2026-09-23,2.8,-7.5,12.0,19.5,2.25,80,0.58,low,0,,0,model_A,,,
2026-08-24,A6,1m,30,2026-09-23,1.4,-0.3,3.0,3.3,1.35,80,0.8,low,0,,0,model_A,,,
2026-08-25,A1,1d,1,2026-08-26,0.05,-1.8,1.9,3.7,0.05,80,0.51,low,0,,0,model_A,-1.955,2.098,ampirik_p10p90_250g_v5
2026-08-25,A2,1d,1,2026-08-26,0.15,-1.75,2.05,3.8,0.15,80,0.52,low,0,,0,model_A,,,
2026-08-25,A3,1d,1,2026-08-26,0.05,-1.4,1.6,3.0,0.1,80,0.51,low,0,,0,model_A,,,
2026-08-25,A4,1d,1,2026-08-26,1.1,-0.95,3.15,4.1,1.1,80,0.7,low,0,,0,model_A,,,
2026-08-25,A5,1d,1,2026-08-26,-0.15,-1.35,1.05,2.4,-0.15,80,0.45,low,0,,0,model_A,,,
2026-08-25,A6,1d,1,2026-08-26,0.06,-0.05,0.23,0.28,0.09,80,0.65,low,0,,0,model_A,,,
2026-08-25,A1,1w,7,2026-09-01,0.6,-4.1,5.3,9.4,0.6,80,0.54,low,0,,0,model_A,,,
2026-08-25,A2,1w,7,2026-09-01,0.4,-4.3,5.5,9.8,0.6,80,0.52,low,0,,0,model_A,,,
2026-08-25,A3,1w,7,2026-09-01,0.4,-3.7,4.7,8.4,0.5,80,0.53,low,0,,0,model_A,,,
2026-08-25,A4,1w,7,2026-09-01,1.2,-4.4,6.6,11.0,1.1,80,0.56,low,0,,0,model_A,,,
2026-08-25,A5,1w,7,2026-09-01,0.9,-3.2,5.0,8.2,0.9,80,0.56,low,0,,0,model_A,,,
2026-08-25,A6,1w,7,2026-09-01,0.36,-0.12,0.92,1.04,0.4,80,0.72,low,0,,0,model_A,,,
2026-08-25,A1,1m,30,2026-09-24,1.7,-9.0,13.0,22.0,2.0,80,0.56,low,0,,0,model_A,,,
2026-08-25,A2,1m,30,2026-09-24,2.0,-9.5,14.0,23.5,2.25,80,0.55,low,0,,0,model_A,,,
2026-08-25,A3,1m,30,2026-09-24,1.8,-8.0,11.5,19.5,1.75,80,0.55,low,0,,0,model_A,,,
2026-08-25,A4,1m,30,2026-09-24,2.0,-10.5,15.0,25.5,2.25,80,0.56,low,0,,0,model_A,,,
2026-08-25,A5,1m,30,2026-09-24,2.4,-7.5,12.0,19.5,2.25,80,0.57,low,0,,0,model_A,,,
2026-08-25,A6,1m,30,2026-09-24,1.4,-0.3,3.0,3.3,1.35,80,0.8,low,0,,0,model_A,,,
2026-08-26,A1,1d,1,2026-08-27,0.03,-1.91,1.97,3.88,0.03,80,0.51,low,0,,0,model_A,-1.974,2.08,ampirik_p10p90_250g_v5
2026-08-26,A2,1d,1,2026-08-27,0.07,-1.86,2.0,3.86,0.07,80,0.51,low,0,,0,model_A,-1.79,1.745,ampirik_p10p90_250g_v5
2026-08-26,A3,1d,1,2026-08-27,0.05,-1.47,1.57,3.04,0.05,80,0.51,low,0,,0,model_A,-1.391,1.584,ampirik_p10p90_250g_v5
2026-08-26,A4,1d,1,2026-08-27,0.4,-1.65,2.45,4.1,0.4,80,0.55,low,0,,0,model_A,-1.733,2.699,ampirik_p10p90_250g_v5
2026-08-26,A5,1d,1,2026-08-27,0.04,-1.61,1.69,3.3,0.04,80,0.5,low,0,,0,model_A,-1.473,1.567,ampirik_p10p90_250g_v5
2026-08-26,A6,1d,1,2026-08-27,0.06,-0.06,0.18,0.24,0.06,80,0.66,medium,0,,0,model_A,-0.041,0.194,ampirik_p10p90_250g_v5
2026-08-26,A1,1w,7,2026-09-02,0.75,-3.59,5.09,8.68,0.75,80,0.58,low,0,,0,model_A,-3.77,5.41,ampirik_p10p90_5g_250g_GOLGE
2026-08-26,A2,1w,7,2026-09-02,0.75,-3.57,5.07,8.64,0.75,80,0.55,low,0,,0,model_A,-4.47,5.45,ampirik_p10p90_5g_250g_GOLGE
2026-08-26,A3,1w,7,2026-09-02,0.55,-2.85,3.95,6.8,0.55,80,0.54,low,0,,0,model_A,-3.28,4.58,ampirik_p10p90_5g_250g_GOLGE
2026-08-26,A4,1w,7,2026-09-02,0.85,-3.73,5.43,9.16,0.85,80,0.56,low,0,,0,model_A,-6.18,5.8,ampirik_p10p90_5g_250g_GOLGE
2026-08-26,A5,1w,7,2026-09-02,0.5,-3.19,4.19,7.38,0.5,80,0.54,low,0,,0,model_A,-4.08,5.3,ampirik_p10p90_5g_250g_GOLGE
2026-08-26,A6,1w,7,2026-09-02,0.28,0.02,0.54,0.52,0.28,80,0.9,low,0,,0,model_A,0.12,0.41,ampirik_p10p90_5g_250g_GOLGE
2026-08-26,A1,1m,30,2026-09-28,2.4,-6.49,11.29,17.78,2.4,80,0.62,low,0,,0,model_A,-9.96,13.79,ampirik_p10p90_21g_250g_GOLGE
2026-08-26,A2,1m,30,2026-09-28,2.85,-6.0,11.7,17.7,2.85,80,0.6,low,0,,0,model_A,-5.75,12.84,ampirik_p10p90_21g_250g_GOLGE
2026-08-26,A3,1m,30,2026-09-28,1.98,-4.99,8.95,13.94,1.98,80,0.59,low,0,,0,model_A,-6.51,10.2,ampirik_p10p90_21g_250g_GOLGE
2026-08-26,A4,1m,30,2026-09-28,2.75,-6.64,12.14,18.78,2.75,80,0.6,low,0,,0,model_A,-14.36,19.59,ampirik_p10p90_21g_250g_GOLGE
2026-08-26,A5,1m,30,2026-09-28,1.65,-5.91,9.21,15.12,1.65,80,0.58,low,0,,0,model_A,-5.92,10.62,ampirik_p10p90_21g_250g_GOLGE
2026-08-26,A6,1m,30,2026-09-28,1.15,0.61,1.69,1.08,1.15,80,0.95,low,0,,0,model_A,0.75,1.55,ampirik_p10p90_21g_250g_GOLGE
2026-08-27,A1,1d,1,2026-08-28,0.05,-1.85,1.95,3.8,0.05,80,0.51,low,0,,0,model_A,-1.95,2.103,ampirik_p10p90_250g_v5
2026-08-27,A2,1d,1,2026-08-28,0.1,-1.75,1.95,3.7,0.1,80,0.52,low,0,,0,model_A,,,
2026-08-27,A3,1d,1,2026-08-28,0.15,-1.35,1.65,3.0,0.15,80,0.53,low,0,,0,model_A,,,
2026-08-27,A4,1d,1,2026-08-28,0.2,-1.85,2.25,4.1,0.2,80,0.54,low,0,,0,model_A,,,
2026-08-27,A5,1d,1,2026-08-28,0.1,-1.55,1.75,3.3,0.1,80,0.52,low,0,,0,model_A,,,
2026-08-27,A6,1d,1,2026-08-28,0.06,-0.05,0.22,0.27,0.085,80,0.65,low,0,,0,model_A,,,
2026-08-27,A1,1w,7,2026-09-03,0.6,-4.2,5.4,9.6,0.6,80,0.54,low,0,,0,model_A,,,
2026-08-27,A2,1w,7,2026-09-03,0.5,-4.3,5.5,9.8,0.6,80,0.53,low,0,,0,model_A,,,
2026-08-27,A3,1w,7,2026-09-03,0.5,-3.7,4.7,8.4,0.5,80,0.54,low,0,,0,model_A,,,
2026-08-27,A4,1w,7,2026-09-03,0.8,-4.5,6.3,10.8,0.9,80,0.55,low,0,,0,model_A,,,
2026-08-27,A5,1w,7,2026-09-03,0.8,-3.3,5.0,8.3,0.85,80,0.55,low,0,,0,model_A,,,
2026-08-27,A6,1w,7,2026-09-03,0.36,-0.12,0.9,1.02,0.39,80,0.72,low,0,,0,model_A,,,
2026-08-27,A1,1m,30,2026-09-28,1.8,-9.0,13.0,22.0,2.0,80,0.56,low,0,,0,model_A,,,
2026-08-27,A2,1m,30,2026-09-28,2.0,-9.5,14.0,23.5,2.25,80,0.55,low,0,,0,model_A,,,
2026-08-27,A3,1m,30,2026-09-28,1.8,-8.0,11.5,19.5,1.75,80,0.55,low,0,,0,model_A,,,
2026-08-27,A4,1m,30,2026-09-28,2.0,-10.5,15.0,25.5,2.25,80,0.55,low,0,,0,model_A,,,
2026-08-27,A5,1m,30,2026-09-28,2.4,-7.5,12.0,19.5,2.25,80,0.57,low,0,,0,model_A,,,
2026-08-27,A6,1m,30,2026-09-28,1.4,-0.3,3.0,3.3,1.35,80,0.8,low,0,,0,model_A,,,
2026-08-28,A1,1d,1,2026-08-31,0.1,-2.3,2.5,4.8,0.1,80,0.51,low,0,,0,model_A,,,
2026-08-28,A2,1d,1,2026-08-31,0.05,-2.25,2.35,4.6,0.05,80,0.51,low,0,,0,model_A,,,
2026-08-28,A3,1d,1,2026-08-31,0.1,-1.75,1.85,3.6,0.05,80,0.52,low,0,,0,model_A,,,
2026-08-28,A4,1d,1,2026-08-31,0.5,-1.8,2.8,4.6,0.5,80,0.55,low,0,,0,model_A,,,
2026-08-28,A5,1d,1,2026-08-31,0.15,-1.75,1.95,3.7,0.1,80,0.52,low,0,,0,model_A,,,
2026-08-28,A6,1d,1,2026-08-31,0.08,-0.1,0.32,0.42,0.11,80,0.66,low,0,,0,model_A,,,
2026-08-28,A1,1w,7,2026-09-04,0.7,-4.3,5.5,9.8,0.6,80,0.54,low,0,,0,model_A,,,
2026-08-28,A2,1w,7,2026-09-04,0.4,-4.4,5.6,10.0,0.6,80,0.52,low,0,,0,model_A,,,
2026-08-28,A3,1w,7,2026-09-04,0.4,-3.8,4.8,8.6,0.5,80,0.53,low,0,,0,model_A,,,
2026-08-28,A4,1w,7,2026-09-04,0.9,-4.6,6.4,11.0,0.9,80,0.55,low,0,,0,model_A,,,
2026-08-28,A5,1w,7,2026-09-04,0.8,-3.4,5.0,8.4,0.8,80,0.55,low,0,,0,model_A,,,
2026-08-28,A6,1w,7,2026-09-04,0.38,-0.12,0.95,1.07,0.415,80,0.72,low,0,,0,model_A,,,
2026-08-28,A1,1m,30,2026-09-28,1.8,-9.2,13.2,22.4,2.0,80,0.56,low,0,,0,model_A,,,
2026-08-28,A2,1m,30,2026-09-28,1.8,-9.5,14.0,23.5,2.25,80,0.54,low,0,,0,model_A,,,
2026-08-28,A3,1m,30,2026-09-28,1.8,-8.0,11.5,19.5,1.75,80,0.55,low,0,,0,model_A,,,
2026-08-28,A4,1m,30,2026-09-28,2.1,-10.5,15.0,25.5,2.25,80,0.55,low,0,,0,model_A,,,
2026-08-28,A5,1m,30,2026-09-28,2.4,-7.5,12.0,19.5,2.25,80,0.57,low,0,,0,model_A,,,
2026-08-28,A6,1m,30,2026-09-28,1.4,-0.3,3.0,3.3,1.35,80,0.8,low,0,,0,model_A,,,
2026-08-29,A1,1d,1,2026-08-31,0.2,-2.0,2.4,4.4,0.2,80,0.53,low,0,,0,model_A,,,
2026-08-29,A2,1d,1,2026-08-31,-0.35,-2.15,1.45,3.6,-0.35,80,0.42,low,0,,0,model_A,,,
2026-08-29,A3,1d,1,2026-08-31,-0.2,-1.75,1.35,3.1,-0.2,80,0.44,low,0,,0,model_A,,,
2026-08-29,A4,1d,1,2026-08-31,-0.1,-2.2,2.0,4.2,-0.1,80,0.47,low,0,,0,model_A,,,
2026-08-29,A5,1d,1,2026-08-31,0.05,-1.5,1.6,3.1,0.05,80,0.51,low,0,,0,model_A,,,
2026-08-29,A6,1d,1,2026-08-31,0.08,-0.08,0.3,0.38,0.11,80,0.66,low,0,,0,model_A,,,
2026-08-29,A1,1w,7,2026-09-07,0.8,-4.6,5.8,10.4,0.6,80,0.53,low,0,,0,model_A,,,
2026-08-29,A2,1w,7,2026-09-07,0.2,-4.6,5.2,9.8,0.3,80,0.5,low,0,,0,model_A,,,
2026-08-29,A3,1w,7,2026-09-07,0.3,-3.9,4.6,8.5,0.35,80,0.52,low,0,,0,model_A,,,
2026-08-29,A4,1w,7,2026-09-07,0.2,-5.0,6.0,11.0,0.5,80,0.5,low,0,,0,model_A,,,
2026-08-29,A5,1w,7,2026-09-07,0.7,-3.5,5.0,8.5,0.75,80,0.54,low,0,,0,model_A,,,
2026-08-29,A6,1w,7,2026-09-07,0.42,-0.12,1.0,1.12,0.44,80,0.73,low,0,,0,model_A,,,
2026-08-29,A1,1m,30,2026-09-28,2.2,-9.5,13.5,23.0,2.0,80,0.56,low,0,,0,model_A,,,
2026-08-29,A2,1m,30,2026-09-28,1.6,-9.8,14.0,23.8,2.1,80,0.53,low,0,,0,model_A,,,
2026-08-29,A3,1m,30,2026-09-28,1.7,-8.2,11.5,19.7,1.65,80,0.54,low,0,,0,model_A,,,
2026-08-29,A4,1m,30,2026-09-28,2.3,-10.8,15.0,25.8,2.1,80,0.55,low,0,,0,model_A,,,
2026-08-29,A5,1m,30,2026-09-28,2.3,-7.8,12.0,19.8,2.1,80,0.56,low,0,,0,model_A,,,
2026-08-29,A6,1m,30,2026-09-28,1.5,-0.3,3.1,3.4,1.4,80,0.8,low,0,,0,model_A,,,
2026-08-30,A1,1d,1,2026-08-31,0.2,-2.0,2.4,4.4,0.2,80,0.53,low,0,,0,model_A,,,
2026-08-30,A2,1d,1,2026-08-31,-0.35,-2.15,1.45,3.6,-0.35,80,0.42,low,0,,0,model_A,,,
2026-08-30,A3,1d,1,2026-08-31,-0.2,-1.75,1.35,3.1,-0.2,80,0.44,low,0,,0,model_A,,,
2026-08-30,A4,1d,1,2026-08-31,-0.1,-2.2,2.0,4.2,-0.1,80,0.47,low,0,,0,model_A,,,
2026-08-30,A5,1d,1,2026-08-31,0.05,-1.5,1.6,3.1,0.05,80,0.51,low,0,,0,model_A,,,
2026-08-30,A6,1d,1,2026-08-31,0.08,-0.08,0.3,0.38,0.11,80,0.66,low,0,,0,model_A,,,
2026-08-30,A1,1w,7,2026-09-07,0.8,-4.6,5.8,10.4,0.6,80,0.53,low,0,,0,model_A,,,
2026-08-30,A2,1w,7,2026-09-07,0.2,-4.6,5.2,9.8,0.3,80,0.5,low,0,,0,model_A,,,
2026-08-30,A3,1w,7,2026-09-07,0.3,-3.9,4.6,8.5,0.35,80,0.52,low,0,,0,model_A,,,
2026-08-30,A4,1w,7,2026-09-07,0.2,-5.0,6.0,11.0,0.5,80,0.5,low,0,,0,model_A,,,
2026-08-30,A5,1w,7,2026-09-07,0.7,-3.5,5.0,8.5,0.75,80,0.54,low,0,,0,model_A,,,
2026-08-30,A6,1w,7,2026-09-07,0.42,-0.12,1.0,1.12,0.44,80,0.73,low,0,,0,model_A,,,
2026-08-30,A1,1m,30,2026-09-29,2.2,-9.5,13.5,23.0,2.0,80,0.56,low,0,,0,model_A,,,
2026-08-30,A2,1m,30,2026-09-29,1.6,-9.8,14.0,23.8,2.1,80,0.53,low,0,,0,model_A,,,
2026-08-30,A3,1m,30,2026-09-29,1.7,-8.2,11.5,19.7,1.65,80,0.54,low,0,,0,model_A,,,
2026-08-30,A4,1m,30,2026-09-29,2.3,-10.8,15.0,25.8,2.1,80,0.55,low,0,,0,model_A,,,
2026-08-30,A5,1m,30,2026-09-29,2.3,-7.8,12.0,19.8,2.1,80,0.56,low,0,,0,model_A,,,
2026-08-30,A6,1m,30,2026-09-29,1.5,-0.3,3.1,3.4,1.4,80,0.8,low,0,,0,model_A,,,
2026-08-31,A1,1d,1,2026-09-01,0.1,-1.95,2.15,4.1,0.1,80,0.52,low,0,,0,model_A,,,
2026-08-31,A2,1d,1,2026-09-01,0.05,-1.8,1.9,3.7,0.05,80,0.51,low,0,,0,model_A,,,
2026-08-31,A3,1d,1,2026-09-01,0.05,-1.4,1.5,2.9,0.05,80,0.51,low,0,,0,model_A,,,
2026-08-31,A4,1d,1,2026-09-01,-0.6,-2.7,1.5,4.2,-0.6,80,0.36,low,0,,0,model_A,,,
2026-08-31,A5,1d,1,2026-09-01,0.05,-1.45,1.55,3.0,0.05,80,0.51,low,0,,0,model_A,,,
2026-08-31,A6,1d,1,2026-09-01,0.07,-0.04,0.22,0.26,0.09,80,0.66,low,0,,0,model_A,,,
2026-08-31,A1,1w,7,2026-09-08,0.7,-4.4,5.6,10.0,0.6,80,0.53,low,0,,0,model_A,,,
2026-08-31,A2,1w,7,2026-09-08,0.4,-4.5,5.3,9.8,0.4,80,0.52,low,0,,0,model_A,,,
2026-08-31,A3,1w,7,2026-09-08,0.4,-3.8,4.6,8.4,0.4,80,0.52,low,0,,0,model_A,,,
2026-08-31,A4,1w,7,2026-09-08,0.2,-5.2,5.8,11.0,0.3,80,0.5,low,0,,0,model_A,,,
2026-08-31,A5,1w,7,2026-09-08,0.7,-3.5,5.0,8.5,0.75,80,0.54,low,0,,0,model_A,,,
2026-08-31,A6,1w,7,2026-09-08,0.4,-0.12,0.95,1.07,0.415,80,0.72,low,0,,0,model_A,,,
2026-08-31,A1,1m,30,2026-09-30,3.0,-11.0,16.0,27.0,2.5,80,0.57,low,0,,0,model_A,,,
2026-08-31,A2,1m,30,2026-09-30,2.5,-11.0,15.5,26.5,2.25,80,0.55,low,0,,0,model_A,,,
2026-08-31,A3,1m,30,2026-09-30,2.5,-9.5,13.5,23.0,2.0,80,0.55,low,0,,0,model_A,,,
2026-08-31,A4,1m,30,2026-09-30,2.8,-12.5,17.0,29.5,2.25,80,0.55,low,0,,0,model_A,,,
2026-08-31,A5,1m,30,2026-09-30,2.6,-9.0,13.0,22.0,2.0,80,0.56,low,0,,0,model_A,,,
2026-08-31,A6,1m,30,2026-09-30,1.5,-0.3,3.1,3.4,1.4,80,0.8,low,0,,0,model_A,,,
2026-09-01,A1,1d,1,2026-09-02,0.1,-1.85,2.05,3.9,0.1,80,0.52,low,0,,0,model_A,,,
2026-09-01,A2,1d,1,2026-09-02,0.05,-1.8,1.9,3.7,0.05,80,0.51,low,0,,0,model_A,,,
2026-09-01,A3,1d,1,2026-09-02,0.15,-1.35,1.65,3.0,0.15,80,0.52,low,0,,0,model_A,,,
2026-09-01,A4,1d,1,2026-09-02,0.8,-1.45,3.05,4.5,0.8,80,0.62,low,0,,0,model_A,,,
2026-09-01,A5,1d,1,2026-09-02,0.3,-1.25,1.85,3.1,0.3,80,0.57,low,0,,0,model_A,,,
2026-09-01,A6,1d,1,2026-09-02,0.07,-0.04,0.22,0.26,0.09,80,0.66,low,0,,0,model_A,,,
2026-09-01,A1,1w,7,2026-09-08,0.8,-4.3,5.5,9.8,0.6,80,0.54,low,0,,0,model_A,,,
2026-09-01,A2,1w,7,2026-09-08,0.4,-4.5,5.3,9.8,0.4,80,0.52,low,0,,0,model_A,,,
2026-09-01,A3,1w,7,2026-09-08,0.5,-3.7,4.7,8.4,0.5,80,0.53,low,0,,0,model_A,,,
2026-09-01,A4,1w,7,2026-09-08,1.2,-4.8,6.6,11.4,0.9,80,0.55,low,0,,0,model_A,,,
2026-09-01,A5,1w,7,2026-09-08,1.1,-3.3,5.2,8.5,0.95,80,0.57,low,0,,0,model_A,,,
2026-09-01,A6,1w,7,2026-09-08,0.38,-0.12,0.92,1.04,0.4,80,0.72,low,0,,0,model_A,,,
2026-09-01,A1,1m,30,2026-10-01,3.0,-11.0,16.0,27.0,2.5,80,0.57,low,0,,0,model_A,,,
2026-09-01,A2,1m,30,2026-10-01,2.5,-11.0,15.5,26.5,2.25,80,0.55,low,0,,0,model_A,,,
2026-09-01,A3,1m,30,2026-10-01,2.6,-9.5,13.5,23.0,2.0,80,0.55,low,0,,0,model_A,,,
2026-09-01,A4,1m,30,2026-10-01,3.0,-12.5,17.0,29.5,2.25,80,0.56,low,0,,0,model_A,,,
2026-09-01,A5,1m,30,2026-10-01,2.8,-9.0,13.0,22.0,2.0,80,0.57,low,0,,0,model_A,,,
2026-09-01,A6,1m,30,2026-10-01,1.5,-0.3,3.1,3.4,1.4,80,0.8,low,0,,0,model_A,,,
2026-09-02,A1,1d,1,2026-09-03,-0.05,-2.05,1.85,3.9,-0.1,80,0.49,low,4,high,0,model_B,-2.12,2.03,ampirik_p10p90_250g_v5
2026-09-02,A2,1d,1,2026-09-03,-0.05,-1.85,1.75,3.6,-0.05,80,0.48,low,2,high,0,model_B,-1.92,1.64,ampirik_p10p90_250g_v5
2026-09-02,A3,1d,1,2026-09-03,-0.2,-1.55,1.35,2.9,-0.1,80,0.42,low,3,medium,0,model_B,-1.66,1.34,ampirik_p10p90_250g_v5
2026-09-02,A4,1d,1,2026-09-03,0.25,-2.05,2.45,4.5,0.2,80,0.55,low,2,high,0,model_B,-1.94,2.59,ampirik_p10p90_250g_v5
2026-09-02,A5,1d,1,2026-09-03,-1.1,-2.35,0.25,2.6,-1.05,80,0.24,low,2,medium,1,model_B,-2.63,0.41,ampirik_p10p90_250g_v5
2026-09-02,A6,1d,1,2026-09-03,0.06,-0.03,0.21,0.24,0.09,80,0.65,low,1,high,0,model_B,-0.03,0.2,ampirik_p10p90_250g_v5
2026-09-02,A1,1w,7,2026-09-09,0.6,-4.3,5.5,9.8,0.6,80,0.53,low,4,high,0,model_B,,,
2026-09-02,A2,1w,7,2026-09-09,0.7,-4.5,5.2,9.7,0.35,80,0.53,low,3,high,0,model_B,,,
2026-09-02,A3,1w,7,2026-09-09,0.4,-3.8,4.6,8.4,0.4,80,0.52,low,4,medium,0,model_B,,,
2026-09-02,A4,1w,7,2026-09-09,0.7,-5.0,6.4,11.4,0.7,80,0.53,low,2,high,0,model_B,,,
2026-09-02,A5,1w,7,2026-09-09,0.4,-3.9,4.5,8.4,0.3,80,0.52,low,2,medium,0,model_B,,,
2026-09-02,A6,1w,7,2026-09-09,0.31,-0.12,0.85,0.97,0.365,80,0.72,low,2,high,0,model_B,,,
2026-09-02,A1,1m,30,2026-10-02,3.0,-11.0,16.0,27.0,2.5,80,0.57,low,4,high,0,model_B,,,
2026-09-02,A2,1m,30,2026-10-02,2.5,-11.0,15.5,26.5,2.25,80,0.55,low,4,high,0,model_B,,,
2026-09-02,A3,1m,30,2026-10-02,2.6,-9.5,13.5,23.0,2.0,80,0.55,low,4,high,0,model_B,,,
2026-09-02,A4,1m,30,2026-10-02,3.0,-12.5,17.0,29.5,2.25,80,0.56,low,4,high,0,model_B,,,
2026-09-02,A5,1m,30,2026-10-02,2.8,-9.0,13.0,22.0,2.0,80,0.57,low,4,high,0,model_B,,,
2026-09-02,A6,1m,30,2026-10-02,1.5,-0.3,3.1,3.4,1.4,80,0.8,low,4,high,0,model_B,,,
2026-09-03,A1,1d,1,2026-09-04,-0.1,-2.0,1.85,3.85,-0.075,80,0.49,low,3,high,0,model_A,-2.18,2.08,ampirik_p10p90_250g_v5
2026-09-03,A2,1d,1,2026-09-04,0.1,-1.65,1.85,3.5,0.1,80,0.51,low,2,high,0,model_A,-1.77,1.79,ampirik_p10p90_250g_v5
2026-09-03,A3,1d,1,2026-09-04,0.05,-1.4,1.5,2.9,0.05,80,0.51,low,2,medium,0,model_A,-1.41,1.59,ampirik_p10p90_250g_v5
2026-09-03,A4,1d,1,2026-09-04,1.6,-1.0,4.2,5.2,1.6,80,0.72,medium,3,high,1,model_A,-0.59,3.94,ampirik_p10p90_250g_v5
2026-09-03,A5,1d,1,2026-09-04,0.05,-1.5,1.6,3.1,0.05,80,0.51,low,1,medium,0,model_A,-1.48,1.56,ampirik_p10p90_250g_v5
2026-09-03,A6,1d,1,2026-09-04,0.05,-0.04,0.2,0.24,0.08,80,0.62,medium,2,high,0,model_A,-0.04,0.19,ampirik_p10p90_250g_v5
2026-09-03,A1,1w,7,2026-09-10,0.5,-4.6,5.6,10.2,0.5,80,0.52,low,3,high,0,model_A,,,
2026-09-03,A2,1w,7,2026-09-10,0.6,-4.7,5.3,10.0,0.3,80,0.53,low,2,high,0,model_A,,,
2026-09-03,A3,1w,7,2026-09-10,0.4,-4.0,4.8,8.8,0.4,80,0.52,low,2,medium,0,model_A,,,
2026-09-03,A4,1w,7,2026-09-10,0.6,-5.3,6.5,11.8,0.6,80,0.52,low,2,high,0,model_A,,,
2026-09-03,A5,1w,7,2026-09-10,0.4,-4.1,4.7,8.8,0.3,80,0.52,low,1,medium,0,model_A,,,
2026-09-03,A6,1w,7,2026-09-10,0.31,-0.12,0.85,0.97,0.365,80,0.72,medium,2,high,0,model_A,,,
2026-09-03,A1,1m,30,2026-10-05,3.0,-11.0,16.0,27.0,2.5,80,0.56,low,3,high,0,model_A,,,
2026-09-03,A2,1m,30,2026-10-05,2.5,-11.0,15.5,26.5,2.25,80,0.55,low,1,medium,0,model_A,,,
2026-09-03,A3,1m,30,2026-10-05,2.6,-9.5,13.5,23.0,2.0,80,0.55,low,2,medium,0,model_A,,,
2026-09-03,A4,1m,30,2026-10-05,3.0,-12.5,17.0,29.5,2.25,80,0.56,low,2,high,0,model_A,,,
2026-09-03,A5,1m,30,2026-10-05,2.8,-9.0,13.0,22.0,2.0,80,0.56,low,1,medium,0,model_A,,,
2026-09-03,A6,1m,30,2026-10-05,1.5,-0.3,3.1,3.4,1.4,80,0.8,medium,1,high,0,model_A,,,
2026-09-04,A1,1d,1,2026-09-07,0.1,-2.8,3.0,5.8,0.1,80,0.52,medium,0,,0,model_A,-1.98,2.28,ampirik_p10p90_250g_v5
2026-09-04,A4,1d,1,2026-09-07,1.4,-1.3,4.1,5.4,1.4,80,0.8,medium,0,,1,model_A,-0.79,3.73,ampirik_p10p90_250g_v5
2026-09-04,A2,1d,1,2026-09-07,0.5,-1.8,2.6,4.4,0.4,80,0.6,low,0,,0,model_A,-1.36,2.19,ampirik_p10p90_250g_v5
2026-09-04,A3,1d,1,2026-09-07,0.15,-1.5,1.7,3.2,0.1,80,0.54,low,0,,0,model_A,-1.3,1.69,ampirik_p10p90_250g_v5
2026-09-04,A5,1d,1,2026-09-07,0.1,-1.7,1.8,3.5,0.05,80,0.52,medium,0,,0,model_A,-1.42,1.62,ampirik_p10p90_250g_v5
2026-09-04,A6,1d,1,2026-09-07,0.15,-0.1,0.45,0.55,0.175,80,0.78,medium,0,,0,model_A,0.06,0.3,ampirik_p10p90_250g_v5
2026-09-04,A1,1w,7,2026-09-11,0.4,-5.2,6.0,11.2,0.4,80,0.53,low,0,,0,model_A,,,
2026-09-04,A2,1w,7,2026-09-11,0.6,-5.0,5.8,10.8,0.4,80,0.54,low,0,,0,model_A,,,
2026-09-04,A3,1w,7,2026-09-11,0.4,-4.3,5.0,9.3,0.35,80,0.53,low,0,,0,model_A,,,
2026-09-04,A4,1w,7,2026-09-11,0.5,-5.6,6.6,12.2,0.5,80,0.53,low,0,,0,model_A,,,
2026-09-04,A5,1w,7,2026-09-11,0.5,-4.3,5.0,9.3,0.35,80,0.54,low,0,,0,model_A,,,
2026-09-04,A6,1w,7,2026-09-11,0.35,-0.15,0.95,1.1,0.4,80,0.8,low,0,,0,model_A,,,
2026-09-04,A1,1m,30,2026-10-05,2.8,-11.5,16.0,27.5,2.25,80,0.55,low,0,,0,model_A,,,
2026-09-04,A2,1m,30,2026-10-05,2.5,-11.5,15.5,27.0,2.0,80,0.55,low,0,,0,model_A,,,
2026-09-04,A3,1m,30,2026-10-05,2.5,-10.0,13.5,23.5,1.75,80,0.55,low,0,,0,model_A,,,
2026-09-04,A4,1m,30,2026-10-05,2.8,-13.0,17.0,30.0,2.0,80,0.55,low,0,,0,model_A,,,
2026-09-04,A5,1m,30,2026-10-05,2.6,-9.5,13.0,22.5,1.75,80,0.55,low,0,,0,model_A,,,
2026-09-04,A6,1m,30,2026-10-05,1.5,-0.3,3.1,3.4,1.4,80,0.85,low,0,,0,model_A,,,
2026-09-05,A1,1d,1,2026-09-07,0.0,-2.2,2.4,4.6,0.1,80,0.5,medium,0,,0,model_A,-2.08,2.18,ampirik_p10p90_250g_v5
2026-09-05,A4,1d,1,2026-09-07,-1.1,-3.0,0.8,3.8,-1.1,80,0.2,medium,0,,1,model_A,-3.29,1.23,ampirik_p10p90_250g_v5
2026-09-05,A2,1d,1,2026-09-07,0.15,-2.0,2.4,4.4,0.2,80,0.53,low,0,,0,model_A,-1.71,1.84,ampirik_p10p90_250g_v5
2026-09-05,A3,1d,1,2026-09-07,0.2,-1.6,1.9,3.5,0.15,80,0.55,low,0,,0,model_A,-1.25,1.74,ampirik_p10p90_250g_v5
2026-09-05,A5,1d,1,2026-09-07,0.1,-1.6,1.8,3.4,0.1,80,0.53,medium,0,,0,model_A,-1.42,1.62,ampirik_p10p90_250g_v5
2026-09-05,A6,1d,1,2026-09-07,0.1,-0.1,0.35,0.45,0.125,80,0.72,medium,0,,0,model_A,0.01,0.25,ampirik_p10p90_250g_v5
2026-09-05,A1,1w,7,2026-09-14,0.3,-5.4,6.2,11.6,0.4,80,0.52,low,0,,0,model_A,,,
2026-09-05,A2,1w,7,2026-09-14,0.4,-5.2,5.9,11.1,0.35,80,0.53,low,0,,0,model_A,,,
2026-09-05,A3,1w,7,2026-09-14,0.3,-4.4,5.1,9.5,0.35,80,0.52,low,0,,0,model_A,,,
2026-09-05,A4,1w,7,2026-09-14,0.35,-5.8,6.7,12.5,0.45,80,0.52,low,0,,0,model_A,,,
2026-09-05,A5,1w,7,2026-09-14,0.4,-4.4,5.1,9.5,0.35,80,0.53,low,0,,0,model_A,,,
2026-09-05,A6,1w,7,2026-09-14,0.35,-0.15,0.95,1.1,0.4,80,0.8,low,0,,0,model_A,,,
2026-09-05,A1,1m,30,2026-10-05,2.2,-12.0,15.5,27.5,1.75,80,0.54,low,0,,0,model_A,,,
2026-09-05,A2,1m,30,2026-10-05,2.3,-11.5,15.5,27.0,2.0,80,0.54,low,0,,0,model_A,,,
2026-09-05,A3,1m,30,2026-10-05,2.3,-10.0,13.5,23.5,1.75,80,0.54,low,0,,0,model_A,,,
2026-09-05,A4,1m,30,2026-10-05,2.2,-13.5,16.5,30.0,1.5,80,0.54,low,0,,0,model_A,,,
2026-09-05,A5,1m,30,2026-10-05,2.5,-9.5,13.0,22.5,1.75,80,0.55,low,0,,0,model_A,,,
2026-09-05,A6,1m,30,2026-10-05,1.5,-0.3,3.1,3.4,1.4,80,0.85,low,0,,0,model_A,,,
2026-09-06,A1,1d,1,2026-09-07,0.0,-2.1,2.3,4.4,0.1,80,0.5,medium,0,,0,model_A,-2.08,2.18,ampirik_p10p90_250g_v5
2026-09-06,A4,1d,1,2026-09-07,-1.1,-3.0,0.8,3.8,-1.1,80,0.2,medium,0,,1,model_A,-3.29,1.23,ampirik_p10p90_250g_v5
2026-09-06,A2,1d,1,2026-09-07,0.15,-2.0,2.4,4.4,0.2,80,0.53,low,0,,0,model_A,-1.71,1.84,ampirik_p10p90_250g_v5
2026-09-06,A3,1d,1,2026-09-07,0.2,-1.6,1.9,3.5,0.15,80,0.55,low,0,,0,model_A,-1.25,1.74,ampirik_p10p90_250g_v5
2026-09-06,A5,1d,1,2026-09-07,0.1,-1.6,1.8,3.4,0.1,80,0.53,medium,0,,0,model_A,-1.42,1.62,ampirik_p10p90_250g_v5
2026-09-06,A6,1d,1,2026-09-07,0.07,-0.08,0.28,0.36,0.1,80,0.7,medium,0,,0,model_A,-0.02,0.22,ampirik_p10p90_250g_v5
2026-09-06,A1,1w,7,2026-09-14,0.2,-5.5,6.2,11.7,0.35,80,0.51,low,0,,0,model_A,,,
2026-09-06,A2,1w,7,2026-09-14,0.4,-5.2,5.9,11.1,0.35,80,0.53,low,0,,0,model_A,,,
2026-09-06,A3,1w,7,2026-09-14,0.3,-4.4,5.1,9.5,0.35,80,0.52,low,0,,0,model_A,,,
2026-09-06,A4,1w,7,2026-09-14,0.25,-5.9,6.7,12.6,0.4,80,0.51,low,0,,0,model_A,,,
2026-09-06,A5,1w,7,2026-09-14,0.4,-4.4,5.1,9.5,0.35,80,0.53,low,0,,0,model_A,,,
2026-09-06,A6,1w,7,2026-09-14,0.35,-0.15,0.95,1.1,0.4,80,0.8,low,0,,0,model_A,,,
2026-09-06,A1,1m,30,2026-10-06,2.0,-12.0,15.5,27.5,1.75,80,0.53,low,0,,0,model_A,,,
2026-09-06,A2,1m,30,2026-10-06,2.3,-11.5,15.5,27.0,2.0,80,0.54,low,0,,0,model_A,,,
2026-09-06,A3,1m,30,2026-10-06,2.3,-10.0,13.5,23.5,1.75,80,0.54,low,0,,0,model_A,,,
2026-09-06,A4,1m,30,2026-10-06,2.0,-13.5,16.5,30.0,1.5,80,0.53,low,0,,0,model_A,,,
2026-09-06,A5,1m,30,2026-10-06,2.5,-9.5,13.0,22.5,1.75,80,0.55,low,0,,0,model_A,,,
2026-09-06,A6,1m,30,2026-10-06,1.5,-0.3,3.1,3.4,1.4,80,0.85,low,0,,0,model_A,,,
2026-09-07,A1,1d,1,2026-09-08,0.45,-1.55,2.45,4.0,0.45,80,0.56,medium,3,medium,0,model_A,-1.63,2.63,ampirik_p10p90_250g_v5
2026-09-07,A2,1d,1,2026-09-08,0.15,-1.4,1.7,3.1,0.15,80,0.51,low,2,high,0,model_A,-1.72,1.84,ampirik_p10p90_250g_v5
2026-09-07,A3,1d,1,2026-09-08,0.1,-1.3,1.5,2.8,0.1,80,0.51,low,3,high,0,model_A,-1.36,1.64,ampirik_p10p90_250g_v5
2026-09-07,A4,1d,1,2026-09-08,0.7,-1.6,3.0,4.6,0.7,80,0.6,medium,2,medium,1,model_A,-1.49,3.04,ampirik_p10p90_250g_v5
2026-09-07,A5,1d,1,2026-09-08,0.1,-1.45,1.65,3.1,0.1,80,0.51,low,2,medium,0,model_A,-1.43,1.61,ampirik_p10p90_250g_v5
2026-09-07,A6,1d,1,2026-09-08,0.05,-0.05,0.2,0.25,0.075,80,0.6,medium,2,medium,0,model_A,-0.04,0.19,ampirik_p10p90_250g_v5
2026-09-07,A1,1w,7,2026-09-14,0.6,-4.9,6.1,11.0,0.6,80,0.53,low,3,high,0,model_A,,,
2026-09-07,A2,1w,7,2026-09-14,0.5,-4.6,5.2,9.8,0.3,80,0.52,low,2,high,0,model_A,,,
2026-09-07,A3,1w,7,2026-09-14,0.4,-3.9,4.6,8.5,0.35,80,0.52,low,2,high,0,model_A,,,
2026-09-07,A4,1w,7,2026-09-14,0.6,-5.4,6.6,12.0,0.6,80,0.52,low,2,medium,0,model_A,,,
2026-09-07,A5,1w,7,2026-09-14,0.3,-4.2,4.6,8.8,0.2,80,0.51,low,2,medium,0,model_A,,,
2026-09-07,A6,1w,7,2026-09-14,0.33,-0.1,0.9,1.0,0.4,80,0.73,medium,2,medium,0,model_A,,,
2026-09-07,A1,1m,30,2026-10-07,2.8,-11.5,16.5,28.0,2.5,80,0.56,low,2,high,0,model_A,,,
2026-09-07,A2,1m,30,2026-10-07,2.3,-11.0,15.0,26.0,2.0,80,0.54,low,2,high,0,model_A,,,
2026-09-07,A3,1m,30,2026-10-07,2.4,-9.5,13.5,23.0,2.0,80,0.54,low,2,high,0,model_A,,,
2026-09-07,A4,1m,30,2026-10-07,2.8,-13.0,17.5,30.5,2.25,80,0.55,low,1,medium,0,model_A,,,
2026-09-07,A5,1m,30,2026-10-07,2.4,-9.5,13.0,22.5,1.75,80,0.54,low,2,medium,0,model_A,,,
2026-09-07,A6,1m,30,2026-10-07,1.6,-0.3,3.3,3.6,1.5,80,0.8,medium,1,medium,0,model_A,,,
