as_of,asset_id,horizon,horizon_days,target_date,status,point_pct,actual_pct,abs_err,signed_err,low_pct,high_pct,in_band,p_up,direction_hit,brier,protocol_version,model_id,day_type,confidence,horizon_kind,paired_gain_pp,baseline_naive_pct,baseline_drift_pct,baseline_momentum_pct,beat_naive,beat_drift,beat_momentum,beat_all_three
2026-08-01,A1,1d,1,2026-08-02,resolved,0.0,0.0,0.0,-0.0,-0.8,0.8,1,0.5,,,1,model_A,weekend,low,forecast,0.0,0.0,,,False,,,
2026-08-01,A4,1d,1,2026-08-03,resolved,-0.4,1.087,1.487,-1.487,-2.4,1.6,1,0.44,0,0.3136,1,model_A,weekend,low,forecast,-0.4,0.0,,,False,,,
2026-08-01,A2,1d,1,2026-08-03,resolved,0.9,-2.514,3.414,3.414,-1.3,3.1,0,0.62,0,0.3844,1,model_A,weekend,medium,forecast,-0.9,0.0,,,False,,,
2026-08-01,A3,1d,1,2026-08-03,resolved,0.1,9.412,9.312,-9.312,-0.5,0.7,0,0.6,1,0.16,1,model_A,weekend,low,forecast,0.1,0.0,,,True,,,
2026-08-02,A1,1d,1,2026-08-03,resolved,0.15,0.354,0.204,-0.204,-1.6,1.9,1,0.53,1,0.2209,1,model_A,weekend,low,forecast,0.15,0.0,,,True,,,
2026-08-02,A4,1d,1,2026-08-03,baz_fiyat_yok,,,,,,,,,,,,model_A,,,,,,,,,,,
2026-08-02,A2,1d,1,2026-08-03,baz_fiyat_yok,,,,,,,,,,,,model_A,,,,,,,,,,,
2026-08-02,A3,1d,1,2026-08-03,baz_fiyat_yok,,,,,,,,,,,,model_A,,,,,,,,,,,
2026-08-03,A1,1d,1,2026-08-04,resolved,-0.3,0.22,0.52,-0.52,-2.5,2.0,1,0.45,0,0.3025,1,model_A,data,low,forecast,-0.3,0.0,,,False,,,
2026-08-03,A4,1d,1,2026-08-04,resolved,-0.3,-0.057,0.243,-0.243,-2.3,1.7,1,0.45,1,0.2025,1,model_A,data,low,forecast,-0.186,0.0,,,False,,,
2026-08-03,A2,1d,1,2026-08-04,resolved,0.8,0.654,0.146,0.146,-1.4,3.0,1,0.6,1,0.16,1,model_A,data,low,forecast,0.508,0.0,,,True,,,
2026-08-03,A3,1d,1,2026-08-04,resolved,0.6,0.443,0.157,0.157,-1.8,3.4,1,0.54,1,0.2116,1,model_A,data,low,forecast,0.286,0.0,,,True,,,
2026-08-04,A1,1d,1,2026-08-05,resolved,0.15,2.804,2.654,-2.654,-1.6,1.9,0,0.54,1,0.2116,1,model_A,calm,low,forecast,0.15,0.0,0.22,0.22,True,False,False,False
2026-08-04,A4,1d,1,2026-08-05,resolved,0.1,1.616,1.516,-1.516,-2.0,2.2,1,0.52,1,0.2304,1,model_A,calm,low,forecast,0.1,0.0,-0.057,-0.057,True,True,True,True
2026-08-04,A2,1d,1,2026-08-05,resolved,0.1,4.338,4.238,-4.238,-2.2,2.4,0,0.51,1,0.2401,1,model_A,calm,low,forecast,0.1,0.0,0.654,0.654,True,False,False,False
2026-08-04,A6,1d,1,2026-08-05,resolved,0.06,-0.098,0.158,0.158,-0.2,0.35,1,0.6,0,0.36,1,model_A,calm,low,forecast,-0.06,0.0,0.031,0.031,False,False,False,False
2026-08-04,A3,1d,1,2026-08-05,resolved,0.08,2.845,2.765,-2.765,-2.6,2.9,1,0.52,1,0.2304,1,model_A,calm,low,forecast,0.08,0.0,0.443,0.443,True,False,False,False
2026-08-05,A2,1d,1,2026-08-06,resolved,1.5,0.972,0.528,0.528,-1.5,5.0,1,0.62,1,0.1444,1,model_A,calm,low,forecast,0.444,0.0,2.496,4.338,True,True,True,True
2026-08-05,A1,1d,1,2026-08-06,resolved,-0.2,2.016,2.216,-2.216,-2.5,2.3,1,0.48,0,0.2704,1,model_A,calm,low,forecast,-0.2,0.0,1.512,2.804,False,False,False,False
2026-08-05,A3,1d,1,2026-08-06,resolved,1.0,1.094,0.094,-0.094,-2.2,4.2,1,0.6,1,0.16,1,model_A,calm,low,forecast,1.0,0.0,1.644,2.845,True,True,True,True
2026-08-05,A4,1d,1,2026-08-06,resolved,0.8,2.898,2.098,-2.098,-2.2,3.8,1,0.6,1,0.16,1,model_A,calm,low,forecast,0.8,0.0,0.779,1.616,True,True,False,False
2026-08-05,A5,1d,1,2026-08-06,resolved,0.0,1.676,1.676,-1.676,-2.6,2.6,1,0.5,0,0.25,1,model_A,calm,low,forecast,0.0,0.0,,,False,,,
2026-08-05,A6,1d,1,2026-08-06,resolved,0.05,0.167,0.117,-0.117,-0.2,0.35,1,0.56,1,0.1936,1,model_A,calm,low,forecast,0.05,0.0,-0.033,-0.098,True,True,True,True
2026-08-06,A1,1d,1,2026-08-07,resolved,0.3,1.197,0.897,-0.897,-2.0,2.6,1,0.54,1,0.2116,1,model_A,calm,low,forecast,0.3,0.0,1.68,2.016,True,False,False,False
2026-08-06,A2,1d,1,2026-08-07,resolved,-0.5,-0.801,0.301,0.301,-3.5,3.0,1,0.42,1,0.1764,1,model_A,calm,low,forecast,0.5,0.0,1.988,0.972,True,True,True,True
2026-08-06,A3,1d,1,2026-08-07,resolved,-0.3,-0.453,0.153,0.153,-3.2,3.0,1,0.44,1,0.1936,1,model_A,calm,low,forecast,0.3,0.0,1.461,1.094,True,True,True,True
2026-08-06,A4,1d,1,2026-08-07,resolved,1.2,0.904,0.296,0.296,-1.8,4.5,1,0.6,1,0.16,1,model_A,calm,low,forecast,0.608,0.0,1.486,2.898,True,True,True,True
2026-08-06,A5,1d,1,2026-08-07,resolved,0.0,0.42,0.42,-0.42,-3.0,3.0,1,0.5,0,0.25,1,model_A,calm,low,forecast,0.0,0.0,1.676,1.676,False,True,True,False
2026-08-06,A6,1d,1,2026-08-07,resolved,0.07,0.228,0.158,-0.158,-0.15,0.35,1,0.6,1,0.16,1,model_A,calm,low,forecast,0.07,0.0,0.033,0.167,True,True,False,False
2026-08-01,A1,1w,7,2026-08-10,resolved,0.3,8.035,7.735,-7.735,-4.0,5.0,0,0.54,1,0.2116,1,model_A,weekend,low,forecast,0.3,0.0,,,True,,,
2026-08-01,A4,1w,7,2026-08-10,resolved,0.3,8.55,8.25,-8.25,-5.5,6.5,0,0.53,1,0.2209,1,model_A,weekend,low,forecast,0.3,0.0,,,True,,,
2026-08-01,A2,1w,7,2026-08-10,resolved,0.4,3.57,3.17,-3.17,-4.5,5.5,1,0.52,1,0.2304,1,model_A,weekend,low,forecast,0.4,0.0,,,True,,,
2026-08-01,A3,1w,7,2026-08-10,resolved,0.75,14.194,13.444,-13.444,-0.8,2.3,0,0.7,1,0.09,1,model_A,weekend,low,forecast,0.75,0.0,,,True,,,
2026-08-02,A1,1w,7,2026-08-10,resolved,0.5,8.035,7.535,-7.535,-3.8,5.0,0,0.55,1,0.2025,1,model_A,weekend,low,forecast,0.5,0.0,,,True,,,
2026-08-02,A4,1w,7,2026-08-10,baz_fiyat_yok,,,,,,,,,,,,model_A,,,,,,,,,,,
2026-08-02,A2,1w,7,2026-08-10,baz_fiyat_yok,,,,,,,,,,,,model_A,,,,,,,,,,,
2026-08-02,A3,1w,7,2026-08-10,baz_fiyat_yok,,,,,,,,,,,,model_A,,,,,,,,,,,
2026-08-03,A1,1w,7,2026-08-10,resolved,-1.0,7.654,8.654,-8.654,-6.0,5.0,0,0.42,0,0.3364,1,model_A,data,low,forecast,-1.0,0.0,,,False,,,
2026-08-03,A4,1w,7,2026-08-10,resolved,-0.8,7.382,8.182,-8.182,-5.5,4.5,0,0.44,0,0.3136,1,model_A,data,low,forecast,-0.8,0.0,,,False,,,
2026-08-03,A2,1w,7,2026-08-10,resolved,1.0,6.241,5.241,-5.241,-5.5,7.5,1,0.55,1,0.2025,1,model_A,data,low,forecast,1.0,0.0,,,True,,,
2026-08-03,A3,1w,7,2026-08-10,resolved,0.9,4.37,3.47,-3.47,-6.8,8.8,1,0.53,1,0.2209,1,model_A,data,low,forecast,0.9,0.0,,,True,,,
2026-08-07,A1,1d,1,2026-08-10,resolved,1.4,1.212,0.188,0.188,-0.4,3.2,1,0.84,1,0.0256,2,model_A,data,medium,forecast,1.024,0.0,1.559,1.197,True,True,False,False
2026-08-07,A2,1d,1,2026-08-10,resolved,-0.05,0.998,1.048,-1.048,-1.4,1.3,1,0.48,0,0.2704,2,model_A,data,medium,forecast,-0.05,0.0,1.29,-0.801,False,False,True,False
2026-08-07,A3,1d,1,2026-08-10,resolved,0.0,0.396,0.396,-0.396,-1.6,1.6,1,0.49,0,0.2601,2,model_A,data,low,forecast,0.0,0.0,0.982,-0.453,False,True,True,False
2026-08-07,A4,1d,1,2026-08-10,resolved,1.0,1.836,0.836,-0.836,-0.2,2.3,1,0.82,1,0.0324,2,model_A,data,medium,forecast,1.0,0.0,1.34,0.904,True,False,True,False
2026-08-07,A5,1d,1,2026-08-10,resolved,-0.1,-0.046,0.054,-0.054,-1.2,1.0,1,0.46,,,2,model_A,data,medium,forecast,-0.008,0.0,1.048,0.42,False,True,True,False
2026-08-08,A1,1d,1,2026-08-10,resolved,0.2,0.163,0.037,0.037,-1.5,2.0,1,0.55,1,0.2025,2,model_A,weekend,medium,forecast,0.126,0.0,1.559,1.197,True,True,True,True
2026-08-08,A2,1d,1,2026-08-10,baz_fiyat_yok,,,,,,,,,,,,model_A,,,,,,,,,,,
2026-08-08,A3,1d,1,2026-08-10,baz_fiyat_yok,,,,,,,,,,,,model_A,,,,,,,,,,,
2026-08-08,A4,1d,1,2026-08-10,baz_fiyat_yok,,,,,,,,,,,,model_A,,,,,,,,,,,
2026-08-08,A5,1d,1,2026-08-10,baz_fiyat_yok,,,,,,,,,,,,model_A,,,,,,,,,,,
2026-08-09,A1,1d,1,2026-08-10,resolved,0.25,0.163,0.087,0.087,-1.5,2.0,1,0.56,1,0.1936,2,model_A,weekend,medium,forecast,0.076,0.0,1.559,1.197,True,True,True,True
2026-08-09,A2,1d,1,2026-08-10,baz_fiyat_yok,,,,,,,,,,,,model_A,,,,,,,,,,,
2026-08-09,A3,1d,1,2026-08-10,baz_fiyat_yok,,,,,,,,,,,,model_A,,,,,,,,,,,
2026-08-09,A4,1d,1,2026-08-10,baz_fiyat_yok,,,,,,,,,,,,model_A,,,,,,,,,,,
2026-08-09,A5,1d,1,2026-08-10,baz_fiyat_yok,,,,,,,,,,,,model_A,,,,,,,,,,,
2026-08-07,A6,1d,1,2026-08-10,resolved,0.1,0.033,0.067,0.067,-0.2,0.45,1,0.62,,,2,model_A,data,medium,forecast,-0.034,0.0,0.082,0.228,False,False,True,False
2026-08-08,A6,1d,1,2026-08-10,resolved,0.08,0.053,0.027,0.027,-0.15,0.35,1,0.6,1,0.16,2,model_A,weekend,medium,forecast,0.026,0.0,0.082,0.228,True,True,True,True
2026-08-09,A6,1d,1,2026-08-10,resolved,0.08,0.053,0.027,0.027,-0.15,0.35,1,0.6,1,0.16,2,model_A,weekend,medium,forecast,0.026,0.0,0.082,0.228,True,True,True,True
2026-08-04,A1,1w,7,2026-08-11,resolved,0.3,8.084,7.784,-7.784,-4.5,5.5,0,0.52,1,0.2304,1,model_A,calm,low,forecast,0.3,0.0,1.098,1.098,True,False,False,False
2026-08-04,A4,1w,7,2026-08-11,resolved,0.3,8.292,7.992,-7.992,-5.0,5.5,0,0.52,1,0.2304,1,model_A,calm,low,forecast,0.3,0.0,-0.285,-0.285,True,True,True,True
2026-08-04,A2,1w,7,2026-08-11,resolved,0.5,6.351,5.851,-5.851,-5.5,6.5,1,0.53,1,0.2209,1,model_A,calm,low,forecast,0.5,0.0,3.27,3.27,True,False,False,False
2026-08-04,A6,1w,7,2026-08-11,resolved,0.42,0.37,0.05,0.05,-0.3,1.2,1,0.65,1,0.1225,1,model_A,calm,medium,forecast,0.32,0.0,0.157,0.157,True,True,True,True
2026-08-10,A1,1d,1,2026-08-11,resolved,0.3,0.62,0.32,-0.32,-1.4,2.1,1,0.57,1,0.1849,3,model_A,calm,low,forecast,0.3,0.0,1.49,1.212,True,True,True,True
2026-08-10,A6,1d,1,2026-08-11,resolved,0.08,0.039,0.041,0.041,-0.2,0.4,1,0.6,,,3,model_A,calm,medium,forecast,-0.002,0.0,0.072,0.033,False,False,False,False
2026-08-10,A2,1d,1,2026-08-11,resolved,0.6,0.759,0.159,-0.159,-1.8,3.2,1,0.62,1,0.1444,3,model_A,calm,low,forecast,0.6,0.0,1.232,0.998,True,True,True,True
2026-08-10,A4,1d,1,2026-08-11,resolved,0.3,0.79,0.49,-0.49,-1.8,2.6,1,0.55,1,0.2025,3,model_A,calm,low,forecast,0.3,0.0,1.439,1.836,True,True,True,True
2026-08-10,A5,1d,1,2026-08-11,resolved,0.0,0.485,0.485,-0.485,-1.8,1.8,1,0.5,0,0.25,3,model_A,calm,low,forecast,0.0,0.0,0.683,-0.046,False,False,True,False
2026-08-05,A2,1w,7,2026-08-12,resolved,1.0,1.651,0.651,-0.651,-6.0,8.0,1,0.55,1,0.2025,1,model_A,calm,low,forecast,1.0,0.0,12.48,21.689,True,True,True,True
2026-08-05,A1,1w,7,2026-08-12,resolved,0.5,5.901,5.401,-5.401,-4.5,5.5,0,0.52,1,0.2304,1,model_A,calm,low,forecast,0.5,0.0,7.559,14.019,True,False,True,False
2026-08-05,A3,1w,7,2026-08-12,resolved,0.8,1.599,0.799,-0.799,-5.0,6.5,1,0.55,1,0.2025,1,model_A,calm,low,forecast,0.8,0.0,8.219,14.225,True,True,True,True
2026-08-05,A4,1w,7,2026-08-12,resolved,0.6,8.07,7.47,-7.47,-5.0,6.0,0,0.53,1,0.2209,1,model_A,calm,low,forecast,0.6,0.0,3.897,8.08,True,False,False,False
2026-08-05,A5,1w,7,2026-08-12,resolved,0.5,2.39,1.89,-1.89,-5.5,6.5,1,0.52,1,0.2304,1,model_A,calm,low,forecast,0.5,0.0,,,True,,,
2026-08-05,A6,1w,7,2026-08-12,resolved,0.4,0.508,0.108,-0.108,-0.6,1.4,1,0.62,1,0.1444,1,model_A,calm,low,forecast,0.4,0.0,-0.166,-0.488,True,True,True,True
2026-08-11,A1,1d,1,2026-08-12,resolved,0.15,0.727,0.577,-0.577,-1.4,1.8,1,0.54,1,0.2116,3,model_A,calm,low,forecast,0.15,0.0,1.57,0.62,True,True,False,False
2026-08-11,A6,1d,1,2026-08-12,resolved,0.08,0.04,0.04,0.04,-0.2,0.4,1,0.6,,,3,model_A,calm,medium,forecast,0.0,0.0,0.074,0.039,False,False,False,False
2026-08-11,A2,1d,1,2026-08-12,resolved,0.1,-0.273,0.373,0.373,-2.0,2.3,1,0.51,0,0.2601,3,model_A,calm,low,forecast,-0.1,0.0,1.253,0.759,False,True,True,False
2026-08-11,A4,1d,1,2026-08-12,resolved,0.2,1.408,1.208,-1.208,-1.7,2.2,1,0.53,1,0.2209,3,model_A,calm,low,forecast,0.2,0.0,1.609,0.79,True,False,False,False
2026-08-11,A5,1d,1,2026-08-12,resolved,0.1,-0.157,0.257,0.257,-1.7,1.9,1,0.52,0,0.2704,3,model_A,calm,low,forecast,-0.1,0.0,0.634,0.485,False,True,True,False
2026-08-06,A1,1w,7,2026-08-13,resolved,0.6,3.137,2.537,-2.537,-4.5,6.0,1,0.53,1,0.2209,1,model_A,calm,low,forecast,0.6,0.0,8.399,10.078,True,True,True,True
2026-08-06,A2,1w,7,2026-08-13,resolved,0.5,2.19,1.69,-1.69,-7.0,8.0,1,0.52,1,0.2304,1,model_A,calm,low,forecast,0.5,0.0,9.939,4.858,True,True,True,True
2026-08-06,A3,1w,7,2026-08-13,resolved,0.5,2.293,1.793,-1.793,-5.5,6.5,1,0.52,1,0.2304,1,model_A,calm,low,forecast,0.5,0.0,7.303,5.472,True,True,True,True
2026-08-06,A4,1w,7,2026-08-13,resolved,0.6,6.627,6.027,-6.027,-5.0,6.5,0,0.53,1,0.2209,1,model_A,calm,low,forecast,0.6,0.0,7.429,14.492,True,False,True,False
2026-08-06,A5,1w,7,2026-08-13,resolved,0.4,2.586,2.186,-2.186,-6.0,6.5,1,0.52,1,0.2304,1,model_A,calm,low,forecast,0.4,0.0,8.381,8.381,True,True,True,True
2026-08-06,A6,1w,7,2026-08-13,resolved,0.45,0.38,0.07,0.07,-0.5,1.5,1,0.63,1,0.1369,1,model_A,calm,low,forecast,0.31,0.0,0.167,0.833,True,True,True,True
2026-08-12,A1,1d,1,2026-08-13,resolved,0.3,-0.647,0.947,0.947,-2.2,2.8,1,0.55,0,0.3025,3,model_A,data,low,forecast,-0.3,0.0,1.154,0.727,False,True,True,False
2026-08-12,A6,1d,1,2026-08-13,resolved,0.05,0.039,0.011,0.011,-0.25,0.45,1,0.58,,,3,model_A,data,medium,forecast,0.028,0.0,0.101,0.04,True,True,False,False
2026-08-12,A2,1d,1,2026-08-13,resolved,0.0,1.507,1.507,-1.507,-2.4,2.6,1,0.5,0,0.25,3,model_A,data,low,forecast,0.0,0.0,0.331,-0.273,False,False,True,False
2026-08-12,A3,1d,1,2026-08-13,resolved,0.0,1.784,1.784,-1.784,-2.2,2.4,1,0.5,0,0.25,3,model_A,data,low,forecast,0.0,0.0,0.319,0.072,False,False,False,False
2026-08-12,A4,1d,1,2026-08-13,resolved,0.15,1.524,1.374,-1.374,-2.1,2.5,1,0.52,1,0.2304,3,model_A,data,low,forecast,0.15,0.0,1.567,1.408,True,False,False,False
2026-08-12,A5,1d,1,2026-08-13,resolved,0.0,1.871,1.871,-1.871,-1.9,2.0,1,0.5,0,0.25,3,model_A,data,low,forecast,0.0,0.0,0.476,-0.157,False,False,True,False
2026-08-04,A3,1w,7,2026-08-11,resolved,0.48,4.414,3.934,-3.934,-6.6,7.8,1,0.53,1,0.2209,1,model_A,calm,low,forecast,0.48,0.0,2.213,2.213,True,False,False,False
2026-08-10,A3,1d,1,2026-08-11,resolved,0.35,0.485,0.135,-0.135,-1.6,2.4,1,0.58,1,0.1764,3,model_A,calm,low,forecast,0.35,0.0,0.865,0.396,True,True,False,False
2026-08-11,A3,1d,1,2026-08-12,resolved,0.1,-0.721,0.821,0.821,-1.8,2.1,1,0.51,0,0.2601,3,model_A,calm,low,forecast,-0.1,0.0,0.874,0.485,False,True,True,False
2026-08-07,A1,1w,7,2026-08-14,resolved,1.8,1.134,0.666,0.666,-2.0,5.5,1,0.66,1,0.1156,2,model_A,data,low,forecast,0.468,0.0,7.795,5.984,True,True,True,True
2026-08-07,A6,1w,7,2026-08-14,resolved,0.4,0.382,0.018,0.018,-0.15,1.0,1,0.75,1,0.0625,2,model_A,data,medium,forecast,0.364,0.0,0.411,1.14,True,True,True,True
2026-08-07,A2,1w,7,2026-08-14,resolved,1.6,3.847,2.247,-2.247,-3.5,6.5,1,0.62,1,0.1444,2,model_A,data,low,forecast,1.6,0.0,6.452,-4.007,True,True,True,True
2026-08-07,A3,1w,7,2026-08-14,resolved,1.4,2.863,1.463,-1.463,-3.5,6.0,1,0.6,1,0.16,2,model_A,data,low,forecast,1.4,0.0,4.911,-2.264,True,True,True,True
2026-08-07,A4,1w,7,2026-08-14,resolved,1.8,4.049,2.249,-2.249,-2.5,6.0,1,0.66,1,0.1156,2,model_A,data,low,forecast,1.8,0.0,6.702,4.521,True,True,False,False
2026-08-07,A5,1w,7,2026-08-14,resolved,0.9,2.315,1.415,-1.415,-3.0,5.0,1,0.57,1,0.1849,2,model_A,data,low,forecast,0.9,0.0,5.241,2.101,True,True,False,False
2026-08-13,A6,1d,1,2026-08-14,resolved,0.05,0.231,0.181,-0.181,-0.2,0.35,1,0.58,1,0.1764,4,model_A,data,medium,forecast,0.05,0.0,0.076,0.039,True,False,True,False
2026-08-13,A2,1d,1,2026-08-14,resolved,0.75,0.807,0.057,-0.057,-1.25,2.75,1,0.68,1,0.1024,4,model_A,data,low,forecast,0.75,0.0,0.438,1.507,True,True,True,True
2026-08-13,A3,1d,1,2026-08-14,resolved,0.52,0.102,0.418,0.418,-1.4,2.6,1,0.63,1,0.1369,4,model_A,data,low,forecast,-0.316,0.0,0.457,1.784,False,False,True,False
2026-08-13,A4,1d,1,2026-08-14,resolved,-1.0,-1.535,0.535,0.535,-2.8,0.9,1,0.27,1,0.0729,4,model_A,data,low,forecast,1.0,0.0,1.292,1.524,True,True,True,True
2026-08-13,A5,1d,1,2026-08-14,resolved,0.1,0.155,0.055,-0.055,-1.6,1.8,1,0.52,1,0.2304,4,model_A,data,low,forecast,0.1,0.0,0.515,1.871,True,True,True,True
2026-08-13,A1,1d,1,2026-08-14,resolved,0.02,-0.768,0.788,0.788,-1.8,1.9,1,0.52,0,0.2704,4,model_A,data,low,forecast,-0.02,0.0,0.622,-0.647,False,True,False,False
2026-08-08,A1,1w,7,2026-08-17,resolved,1.0,1.699,0.699,-0.699,-4.0,6.0,1,0.57,1,0.1849,2,model_A,weekend,low,forecast,1.0,0.0,9.354,7.18,True,True,True,True
2026-08-08,A6,1w,7,2026-08-17,resolved,0.4,0.441,0.041,-0.041,-0.15,1.0,1,0.76,1,0.0576,2,model_A,weekend,medium,forecast,0.4,0.0,0.493,1.368,True,True,True,True
2026-08-08,A2,1w,7,2026-08-17,baz_fiyat_yok,,,,,,,,,,,,model_A,,,,,,,,,,,
2026-08-08,A3,1w,7,2026-08-17,baz_fiyat_yok,,,,,,,,,,,,model_A,,,,,,,,,,,
2026-08-08,A4,1w,7,2026-08-17,baz_fiyat_yok,,,,,,,,,,,,model_A,,,,,,,,,,,
2026-08-08,A5,1w,7,2026-08-17,baz_fiyat_yok,,,,,,,,,,,,model_A,,,,,,,,,,,
2026-08-09,A1,1w,7,2026-08-17,resolved,1.0,1.699,0.699,-0.699,-4.5,6.5,1,0.57,1,0.1849,2,model_A,weekend,low,forecast,1.0,0.0,9.354,7.18,True,True,True,True
2026-08-09,A6,1w,7,2026-08-17,resolved,0.4,0.441,0.041,-0.041,-0.4,1.2,1,0.72,1,0.0784,2,model_A,weekend,medium,forecast,0.4,0.0,0.493,1.368,True,True,True,True
2026-08-09,A2,1w,7,2026-08-17,baz_fiyat_yok,,,,,,,,,,,,model_A,,,,,,,,,,,
2026-08-09,A3,1w,7,2026-08-17,baz_fiyat_yok,,,,,,,,,,,,model_A,,,,,,,,,,,
2026-08-09,A4,1w,7,2026-08-17,baz_fiyat_yok,,,,,,,,,,,,model_A,,,,,,,,,,,
2026-08-09,A5,1w,7,2026-08-17,baz_fiyat_yok,,,,,,,,,,,,model_A,,,,,,,,,,,
2026-08-10,A1,1w,7,2026-08-17,resolved,1.2,1.533,0.333,-0.333,-5.5,8.0,1,0.58,1,0.1764,3,model_A,calm,low,forecast,1.2,0.0,7.448,6.061,True,True,True,True
2026-08-10,A6,1w,7,2026-08-17,resolved,0.4,0.388,0.012,0.012,-0.45,1.25,1,0.7,1,0.09,3,model_A,calm,medium,forecast,0.376,0.0,0.361,0.165,True,True,True,True
2026-08-10,A2,1w,7,2026-08-17,resolved,1.5,2.2,0.7,-0.7,-4.5,7.0,1,0.6,1,0.16,3,model_A,calm,low,forecast,1.5,0.0,6.16,4.991,True,True,True,True
2026-08-10,A3,1w,7,2026-08-17,resolved,1.1,2.262,1.162,-1.162,-4.0,6.0,1,0.58,1,0.1764,3,model_A,calm,low,forecast,1.1,0.0,4.326,1.982,True,True,False,False
2026-08-10,A4,1w,7,2026-08-17,resolved,1.2,1.554,0.354,-0.354,-4.0,6.5,1,0.58,1,0.1764,3,model_A,calm,low,forecast,1.2,0.0,7.197,9.178,True,True,True,True
2026-08-10,A5,1w,7,2026-08-17,resolved,0.6,2.499,1.899,-1.899,-4.0,5.5,1,0.55,1,0.2025,3,model_A,calm,low,forecast,0.6,0.0,3.417,-0.232,True,False,True,False
2026-08-14,A1,1d,1,2026-08-17,resolved,0.1,1.612,1.512,-1.512,-1.85,2.05,1,0.53,1,0.2209,4,model_A,data,low,forecast,0.1,0.0,0.229,-0.768,True,False,True,False
2026-08-14,A2,1d,1,2026-08-17,resolved,0.25,-0.604,0.854,0.854,-1.85,2.45,1,0.57,0,0.3249,4,model_A,data,low,forecast,-0.25,0.0,0.76,0.807,False,True,True,False
2026-08-14,A3,1d,1,2026-08-17,resolved,0.2,-0.19,0.39,0.39,-2.0,2.6,1,0.55,0,0.3025,4,model_A,data,low,forecast,-0.2,0.0,0.568,0.102,False,True,False,False
2026-08-14,A4,1d,1,2026-08-17,resolved,-0.55,-0.607,0.057,0.057,-2.6,1.5,1,0.38,1,0.1444,4,model_A,data,low,forecast,0.55,0.0,0.804,-1.535,True,True,True,True
2026-08-14,A5,1d,1,2026-08-17,resolved,0.2,0.133,0.067,0.067,-1.5,1.9,1,0.55,1,0.2025,4,model_A,data,low,forecast,0.066,0.0,0.461,0.155,True,True,False,False
2026-08-14,A6,1d,1,2026-08-17,resolved,0.07,0.039,0.031,0.031,-0.15,0.35,1,0.68,,,4,model_A,data,low,forecast,0.008,0.0,0.076,0.231,True,True,True,True
2026-08-15,A1,1d,1,2026-08-17,resolved,0.08,0.542,0.462,-0.462,-1.65,1.95,1,0.52,1,0.2304,4,model_A,weekend,low,forecast,0.08,0.0,0.229,-0.768,True,False,True,False
2026-08-15,A6,1d,1,2026-08-17,resolved,0.06,0.045,0.015,0.015,-0.14,0.3,1,0.62,,,4,model_A,weekend,medium,forecast,0.03,0.0,0.076,0.231,True,True,True,True
2026-08-15,A2,1d,1,2026-08-17,baz_fiyat_yok,,,,,,,,,,,,model_A,,,,,,,,,,,
2026-08-15,A3,1d,1,2026-08-17,baz_fiyat_yok,,,,,,,,,,,,model_A,,,,,,,,,,,
2026-08-15,A4,1d,1,2026-08-17,baz_fiyat_yok,,,,,,,,,,,,model_A,,,,,,,,,,,
2026-08-15,A5,1d,1,2026-08-17,baz_fiyat_yok,,,,,,,,,,,,model_A,,,,,,,,,,,
2026-08-16,A1,1d,1,2026-08-17,resolved,0.05,0.542,0.492,-0.492,-1.62,1.9,1,0.52,1,0.2304,4,model_A,weekend,low,forecast,0.05,0.0,0.229,-0.768,True,False,True,False
2026-08-16,A6,1d,1,2026-08-17,resolved,0.07,0.084,0.014,-0.014,-0.15,0.32,1,0.63,1,0.1369,4,model_A,weekend,medium,forecast,0.07,0.0,0.076,0.231,True,False,True,False
2026-08-16,A2,1d,1,2026-08-17,baz_fiyat_yok,,,,,,,,,,,,model_A,,,,,,,,,,,
2026-08-16,A3,1d,1,2026-08-17,baz_fiyat_yok,,,,,,,,,,,,model_A,,,,,,,,,,,
2026-08-16,A4,1d,1,2026-08-17,baz_fiyat_yok,,,,,,,,,,,,model_A,,,,,,,,,,,
2026-08-16,A5,1d,1,2026-08-17,baz_fiyat_yok,,,,,,,,,,,,model_A,,,,,,,,,,,
2026-08-11,A1,1w,7,2026-08-18,resolved,1.2,0.959,0.241,0.241,-5.5,8.0,1,0.58,1,0.1764,3,model_A,calm,low,forecast,0.718,0.0,7.849,3.102,True,True,True,True
2026-08-11,A6,1w,7,2026-08-18,resolved,0.4,0.379,0.021,0.021,-0.45,1.25,1,0.7,1,0.09,3,model_A,calm,medium,forecast,0.358,0.0,0.369,0.197,True,False,True,False
2026-08-11,A2,1w,7,2026-08-18,resolved,1.4,1.764,0.364,-0.364,-4.5,7.0,1,0.59,1,0.1681,3,model_A,calm,low,forecast,1.4,0.0,6.265,3.795,True,True,True,True
2026-08-11,A3,1w,7,2026-08-18,resolved,1.1,1.566,0.466,-0.466,-4.0,6.0,1,0.58,1,0.1764,3,model_A,calm,low,forecast,1.1,0.0,4.368,2.425,True,True,True,True
2026-08-11,A4,1w,7,2026-08-18,resolved,1.1,3.001,1.901,-1.901,-4.0,6.5,1,0.57,1,0.1849,3,model_A,calm,low,forecast,1.1,0.0,8.044,3.949,True,True,False,False
2026-08-11,A5,1w,7,2026-08-18,resolved,0.6,3.625,3.025,-3.025,-4.0,5.5,1,0.55,1,0.2025,3,model_A,calm,low,forecast,0.6,0.0,3.169,2.424,True,False,False,False
2026-08-17,A1,1d,1,2026-08-18,resolved,0.22,0.051,0.169,0.169,-1.42,1.86,1,0.56,1,0.1936,4,model_A,calm,low,forecast,-0.118,0.0,0.309,1.612,False,True,True,False
2026-08-17,A2,1d,1,2026-08-18,resolved,0.16,0.329,0.169,-0.169,-1.3,1.62,1,0.54,1,0.2116,4,model_A,calm,low,forecast,0.16,0.0,0.439,-0.604,True,False,True,False
2026-08-17,A3,1d,1,2026-08-18,resolved,0.14,0.599,0.459,-0.459,-1.56,1.84,1,0.54,1,0.2116,4,model_A,calm,low,forecast,0.14,0.0,0.451,-0.19,True,False,True,False
2026-08-17,A4,1d,1,2026-08-18,resolved,0.4,2.226,1.826,-1.826,-1.5,2.3,1,0.58,1,0.1764,4,model_A,calm,low,forecast,0.4,0.0,0.316,-0.607,True,True,True,True
2026-08-17,A5,1d,1,2026-08-18,resolved,0.17,1.589,1.419,-1.419,-1.33,1.67,1,0.54,1,0.2116,4,model_A,calm,low,forecast,0.17,0.0,0.497,0.133,True,False,True,False
2026-08-17,A6,1d,1,2026-08-18,resolved,0.04,0.03,0.01,0.01,-0.18,0.3,1,0.58,,,4,model_A,calm,low,forecast,0.02,0.0,0.078,0.039,True,True,False,False
2026-08-12,A1,1w,7,2026-08-19,resolved,1.0,-1.023,2.023,2.023,-5.5,8.0,1,0.56,0,0.3136,3,model_A,data,low,forecast,-1.0,0.0,5.772,3.637,False,True,True,False
2026-08-12,A6,1w,7,2026-08-19,resolved,0.35,0.374,0.024,-0.024,-0.45,1.25,1,0.68,1,0.1024,3,model_A,data,medium,forecast,0.35,0.0,0.507,0.201,True,True,True,True
2026-08-12,A2,1w,7,2026-08-19,resolved,1.2,-0.16,1.36,1.36,-4.5,7.0,1,0.57,0,0.3249,3,model_A,data,low,forecast,-1.2,0.0,1.654,-1.367,False,True,False,False
2026-08-12,A3,1w,7,2026-08-19,resolved,0.9,0.588,0.312,0.312,-4.0,6.0,1,0.56,1,0.1936,3,model_A,data,low,forecast,0.276,0.0,1.596,0.362,True,True,False,False
2026-08-12,A4,1w,7,2026-08-19,resolved,0.9,0.929,0.029,-0.029,-4.0,6.5,1,0.56,1,0.1936,3,model_A,data,low,forecast,0.9,0.0,7.836,7.04,True,True,True,True
2026-08-12,A5,1w,7,2026-08-19,resolved,0.5,3.615,3.115,-3.115,-4.0,5.5,1,0.54,1,0.2116,3,model_A,data,low,forecast,0.5,0.0,2.378,-0.785,True,False,True,False
2026-08-18,A1,1d,1,2026-08-19,resolved,0.18,-1.25,1.43,1.43,-1.46,1.82,1,0.57,0,0.3249,4,model_A,calm,low,forecast,-0.18,0.0,0.195,0.051,False,True,False,False
2026-08-18,A2,1d,1,2026-08-19,resolved,0.12,-2.159,2.279,2.279,-1.34,1.58,0,0.53,0,0.2809,4,model_A,calm,low,forecast,-0.12,0.0,0.353,0.329,False,True,True,False
2026-08-18,A3,1d,1,2026-08-19,resolved,0.13,-1.677,1.807,1.807,-1.57,1.83,0,0.54,0,0.2916,4,model_A,calm,low,forecast,-0.13,0.0,0.473,0.599,False,True,True,False
2026-08-18,A4,1d,1,2026-08-19,resolved,0.15,-0.631,0.781,0.781,-1.75,2.05,1,0.55,0,0.3025,4,model_A,calm,low,forecast,-0.15,0.0,0.603,2.226,False,True,True,False
2026-08-18,A5,1d,1,2026-08-19,resolved,0.13,-0.166,0.296,0.296,-1.37,1.63,1,0.54,0,0.2916,4,model_A,calm,low,forecast,-0.13,0.0,0.718,1.589,False,True,True,False
2026-08-18,A6,1d,1,2026-08-19,resolved,0.04,0.035,0.005,0.005,-0.2,0.28,1,0.57,,,4,model_A,calm,low,forecast,0.03,0.0,0.076,0.03,True,True,True,True
2026-08-13,A1,1w,7,2026-08-20,resolved,0.9,3.124,2.224,-2.224,-4.5,6.5,1,0.56,1,0.1936,4,model_A,data,low,forecast,0.9,0.0,3.11,-3.236,True,False,True,False
2026-08-13,A6,1w,7,2026-08-20,resolved,0.3,0.346,0.046,-0.046,-0.4,1.1,1,0.68,1,0.1024,4,model_A,data,medium,forecast,0.3,0.0,0.379,0.194,True,False,True,False
2026-08-13,A2,1w,7,2026-08-20,resolved,1.2,-2.562,3.762,3.762,-4.0,6.5,1,0.58,0,0.3364,4,model_A,data,low,forecast,-1.2,0.0,2.189,7.535,False,True,True,False
2026-08-13,A3,1w,7,2026-08-20,resolved,1.0,-1.92,2.92,2.92,-3.8,5.8,1,0.57,0,0.3249,4,model_A,data,low,forecast,-1.0,0.0,2.285,8.921,False,True,True,False
2026-08-13,A4,1w,7,2026-08-20,resolved,0.7,-1.693,2.393,2.393,-3.8,5.8,1,0.55,0,0.3025,4,model_A,data,low,forecast,-0.7,0.0,6.461,7.619,False,True,True,False
2026-08-13,A5,1w,7,2026-08-20,resolved,0.6,4.567,3.967,-3.967,-4.0,5.5,1,0.55,1,0.2025,4,model_A,data,low,forecast,0.6,0.0,2.573,9.357,True,False,True,False
2026-08-19,A1,1d,1,2026-08-20,resolved,0.15,3.515,3.365,-3.365,-1.85,2.15,0,0.55,1,0.2025,4,model_A,data,low,forecast,0.15,0.0,-0.2,-1.25,True,True,True,True
2026-08-19,A2,1d,1,2026-08-20,resolved,0.06,-0.935,0.995,0.995,-1.74,1.86,1,0.51,0,0.2601,4,model_A,data,low,forecast,-0.06,0.0,-0.024,-2.159,False,False,True,False
2026-08-19,A3,1d,1,2026-08-20,resolved,0.05,-0.753,0.803,0.803,-1.8,1.9,1,0.51,0,0.2601,4,model_A,data,low,forecast,-0.05,0.0,0.124,-1.677,False,True,True,False
2026-08-19,A4,1d,1,2026-08-20,resolved,0.6,-1.114,1.714,1.714,-1.85,3.05,1,0.6,0,0.36,4,model_A,data,low,forecast,-0.6,0.0,0.195,-0.631,False,False,False,False
2026-08-19,A5,1d,1,2026-08-20,resolved,0.15,2.807,2.657,-2.657,-1.3,1.6,0,0.55,1,0.2025,4,model_A,data,low,forecast,0.15,0.0,0.716,-0.166,True,False,True,False
2026-08-19,A6,1d,1,2026-08-20,resolved,0.05,0.01,0.04,0.04,-0.18,0.3,1,0.66,,,4,model_A,data,low,forecast,-0.03,0.0,0.075,0.035,False,True,False,False
2026-08-14,A1,1w,7,2026-08-21,resolved,0.9,5.61,4.71,-4.71,-3.8,5.8,1,0.58,1,0.1764,4,model_A,data,low,forecast,0.9,0.0,1.145,-3.84,True,False,True,False
2026-08-14,A2,1w,7,2026-08-21,resolved,1.1,-3.403,4.503,4.503,-4.5,6.8,1,0.6,0,0.36,4,model_A,data,low,forecast,-1.1,0.0,3.798,4.035,False,True,True,False
2026-08-14,A3,1w,7,2026-08-21,resolved,0.95,-2.12,3.07,3.07,-4.5,6.5,1,0.58,0,0.3364,4,model_A,data,low,forecast,-0.95,0.0,2.84,0.51,False,True,False,False
2026-08-14,A4,1w,7,2026-08-21,resolved,0.9,2.989,2.089,-2.089,-4.5,6.3,1,0.57,1,0.1849,4,model_A,data,low,forecast,0.9,0.0,4.022,-7.674,True,False,True,False
2026-08-14,A5,1w,7,2026-08-21,resolved,0.8,3.974,3.174,-3.174,-3.5,5.2,1,0.57,1,0.1849,4,model_A,data,low,forecast,0.8,0.0,2.307,0.773,True,False,True,False
2026-08-14,A6,1w,7,2026-08-21,resolved,0.32,0.374,0.054,-0.054,-0.15,0.9,1,0.72,1,0.0784,4,model_A,data,low,forecast,0.32,0.0,0.382,1.153,True,False,True,False
2026-08-20,A1,1d,1,2026-08-21,resolved,0.15,1.625,1.475,-1.475,-1.95,2.25,1,0.55,1,0.2025,4,model_A,data,low,forecast,0.15,0.0,0.632,3.515,True,False,True,False
2026-08-20,A2,1d,1,2026-08-21,resolved,0.2,-0.063,0.263,0.263,-1.75,2.15,1,0.52,0,0.2704,4,model_A,data,low,forecast,-0.2,0.0,-0.512,-0.935,False,True,True,False
2026-08-20,A3,1d,1,2026-08-21,resolved,0.13,-0.102,0.232,0.232,-1.55,1.85,1,0.53,0,0.2809,4,model_A,data,low,forecast,-0.13,0.0,-0.384,-0.753,False,True,True,False
2026-08-20,A4,1d,1,2026-08-21,resolved,1.8,3.155,1.355,-1.355,-0.85,4.45,1,0.66,1,0.1156,4,model_A,data,low,forecast,1.8,0.0,-0.332,-1.114,True,True,True,True
2026-08-20,A5,1d,1,2026-08-21,resolved,0.1,-0.413,0.513,0.513,-1.4,1.6,1,0.55,0,0.3025,4,model_A,data,low,forecast,-0.1,0.0,0.903,2.807,False,True,True,False
2026-08-20,A6,1d,1,2026-08-21,resolved,0.04,0.258,0.218,-0.218,-0.05,0.2,0,0.66,1,0.1156,4,model_A,data,low,forecast,0.04,0.0,0.069,0.01,True,False,True,False
2026-08-15,A1,1w,7,2026-08-24,resolved,0.7,6.666,5.966,-5.966,-2.8,4.4,0,0.56,1,0.1936,4,model_A,weekend,low,forecast,0.7,0.0,1.374,-4.608,True,False,True,False
2026-08-15,A6,1w,7,2026-08-24,resolved,0.3,0.413,0.113,-0.113,-0.2,0.9,1,0.72,1,0.0784,4,model_A,weekend,medium,forecast,0.3,0.0,0.458,1.384,True,False,True,False
2026-08-15,A2,1w,7,2026-08-24,baz_fiyat_yok,,,,,,,,,,,,model_A,,,,,,,,,,,
2026-08-15,A3,1w,7,2026-08-24,baz_fiyat_yok,,,,,,,,,,,,model_A,,,,,,,,,,,
2026-08-15,A4,1w,7,2026-08-24,baz_fiyat_yok,,,,,,,,,,,,model_A,,,,,,,,,,,
2026-08-15,A5,1w,7,2026-08-24,baz_fiyat_yok,,,,,,,,,,,,model_A,,,,,,,,,,,
2026-08-16,A1,1w,7,2026-08-24,resolved,0.65,6.666,6.016,-6.016,-2.85,4.35,0,0.55,1,0.2025,4,model_A,weekend,low,forecast,0.65,0.0,1.374,-4.608,True,False,True,False
2026-08-16,A6,1w,7,2026-08-24,resolved,0.32,0.452,0.132,-0.132,-0.18,0.92,1,0.73,1,0.0729,4,model_A,weekend,medium,forecast,0.32,0.0,0.458,1.384,True,False,True,False
2026-08-16,A2,1w,7,2026-08-24,baz_fiyat_yok,,,,,,,,,,,,model_A,,,,,,,,,,,
2026-08-16,A3,1w,7,2026-08-24,baz_fiyat_yok,,,,,,,,,,,,model_A,,,,,,,,,,,
2026-08-16,A4,1w,7,2026-08-24,baz_fiyat_yok,,,,,,,,,,,,model_A,,,,,,,,,,,
2026-08-16,A5,1w,7,2026-08-24,baz_fiyat_yok,,,,,,,,,,,,model_A,,,,,,,,,,,
2026-08-17,A1,1w,7,2026-08-24,resolved,0.9,6.091,5.191,-5.191,-2.8,4.6,0,0.58,1,0.1764,4,model_A,calm,low,forecast,0.9,0.0,1.544,8.058,True,False,False,False
2026-08-17,A2,1w,7,2026-08-24,resolved,1.0,-2.458,3.458,3.458,-2.3,4.3,0,0.57,0,0.3249,4,model_A,calm,low,forecast,-1.0,0.0,2.195,-3.021,False,True,False,False
2026-08-17,A3,1w,7,2026-08-24,resolved,0.9,-1.399,2.299,2.299,-2.7,4.5,1,0.56,0,0.3136,4,model_A,calm,low,forecast,-0.9,0.0,2.254,-0.95,False,True,False,False
2026-08-17,A4,1w,7,2026-08-24,resolved,0.7,6.075,5.375,-5.375,-3.5,4.9,0,0.55,1,0.2025,4,model_A,calm,low,forecast,0.7,0.0,1.58,-3.034,True,False,True,False
2026-08-17,A5,1w,7,2026-08-24,resolved,0.6,4.87,4.27,-4.27,-2.6,3.8,0,0.55,1,0.2025,4,model_A,calm,low,forecast,0.6,0.0,2.487,0.665,True,False,False,False
2026-08-17,A6,1w,7,2026-08-24,resolved,0.25,0.367,0.117,-0.117,-0.15,0.7,1,0.66,1,0.1156,4,model_A,calm,low,forecast,0.25,0.0,0.388,0.193,True,False,True,False
2026-08-21,A1,1d,1,2026-08-24,resolved,0.15,2.074,1.924,-1.924,-1.85,2.15,1,0.53,1,0.2209,4,model_A,data,low,forecast,0.15,0.0,1.111,1.625,True,False,False,False
2026-08-21,A2,1d,1,2026-08-24,resolved,0.18,0.368,0.188,-0.188,-1.75,2.1,1,0.52,1,0.2304,4,model_A,data,low,forecast,0.18,0.0,-0.686,-0.063,True,True,True,True
2026-08-21,A3,1d,1,2026-08-24,resolved,0.13,0.545,0.415,-0.415,-1.47,1.73,1,0.52,1,0.2304,4,model_A,data,low,forecast,0.13,0.0,-0.425,-0.102,True,True,True,True
2026-08-21,A4,1d,1,2026-08-24,resolved,1.25,2.371,1.121,-1.121,-1.25,3.75,1,0.58,1,0.1764,4,model_A,data,low,forecast,1.25,0.0,0.606,3.155,True,True,False,False
2026-08-21,A5,1d,1,2026-08-24,resolved,0.09,0.996,0.906,-0.906,-1.41,1.59,1,0.52,1,0.2304,4,model_A,data,low,forecast,0.09,0.0,0.79,-0.413,True,False,True,False
2026-08-21,A6,1d,1,2026-08-24,resolved,0.06,0.032,0.028,0.028,-0.05,0.24,1,0.66,,,4,model_A,data,low,forecast,0.004,0.0,0.075,0.258,True,True,True,True
2026-08-22,A1,1d,1,2026-08-24,resolved,0.3,1.109,0.809,-0.809,-1.55,2.15,1,0.56,1,0.1936,4,model_A,weekend,low,forecast,0.3,0.0,1.111,1.625,True,False,False,False
2026-08-22,A2,1d,1,2026-08-24,resolved,0.3,0.368,0.068,-0.068,-1.35,1.95,1,0.56,1,0.1936,4,model_A,weekend,medium,forecast,0.3,0.0,-0.686,-0.063,True,True,True,True
2026-08-22,A3,1d,1,2026-08-24,resolved,0.3,0.545,0.245,-0.245,-1.05,1.65,1,0.57,1,0.1849,4,model_A,weekend,medium,forecast,0.3,0.0,-0.425,-0.102,True,True,True,True
2026-08-22,A4,1d,1,2026-08-24,resolved,1.5,2.371,0.871,-0.871,-0.55,3.55,1,0.82,1,0.0324,4,model_A,weekend,medium,forecast,1.5,0.0,0.606,3.155,True,True,False,False
2026-08-22,A5,1d,1,2026-08-24,resolved,0.69,0.996,0.306,-0.306,-0.15,1.55,1,0.85,1,0.0225,4,model_A,weekend,medium,forecast,0.69,0.0,0.79,-0.413,True,False,True,False
2026-08-22,A6,1d,1,2026-08-24,resolved,0.06,0.097,0.037,-0.037,-0.05,0.23,1,0.65,1,0.1225,4,model_A,weekend,low,forecast,0.06,0.0,0.075,0.258,True,False,True,False
2026-08-23,A1,1d,1,2026-08-24,resolved,0.3,1.109,0.809,-0.809,-1.55,2.15,1,0.56,1,0.1936,4,model_A,weekend,low,forecast,0.3,0.0,1.111,1.625,True,False,False,False
2026-08-23,A2,1d,1,2026-08-24,resolved,0.3,0.368,0.068,-0.068,-1.35,1.95,1,0.56,1,0.1936,4,model_A,weekend,medium,forecast,0.3,0.0,-0.686,-0.063,True,True,True,True
2026-08-23,A3,1d,1,2026-08-24,resolved,0.3,0.545,0.245,-0.245,-1.05,1.65,1,0.57,1,0.1849,4,model_A,weekend,medium,forecast,0.3,0.0,-0.425,-0.102,True,True,True,True
2026-08-23,A4,1d,1,2026-08-24,resolved,1.75,2.371,0.621,-0.621,-0.05,3.55,1,0.87,1,0.0169,4,model_A,weekend,medium,forecast,1.75,0.0,0.606,3.155,True,True,True,True
2026-08-23,A5,1d,1,2026-08-24,resolved,0.69,0.996,0.306,-0.306,-0.15,1.55,1,0.85,1,0.0225,4,model_A,weekend,medium,forecast,0.69,0.0,0.79,-0.413,True,False,True,False
2026-08-23,A6,1d,1,2026-08-24,resolved,0.06,0.086,0.026,-0.026,-0.05,0.23,1,0.65,1,0.1225,4,model_A,weekend,low,forecast,0.06,0.0,0.075,0.258,True,False,True,False
2026-08-18,A1,1w,7,2026-08-25,resolved,0.9,5.846,4.946,-4.946,-3.3,5.1,0,0.58,1,0.1764,4,model_A,calm,low,forecast,0.9,0.0,0.975,0.256,True,False,True,False
2026-08-18,A2,1w,7,2026-08-25,resolved,1.0,-3.998,4.998,4.998,-2.6,4.6,0,0.57,0,0.3249,4,model_A,calm,low,forecast,-1.0,0.0,1.766,1.646,False,True,True,False
2026-08-18,A3,1w,7,2026-08-25,resolved,0.9,-2.429,3.329,3.329,-3.0,4.8,1,0.56,0,0.3136,4,model_A,calm,low,forecast,-0.9,0.0,2.367,2.993,False,True,True,False
2026-08-18,A4,1w,7,2026-08-25,resolved,0.7,5.018,4.318,-4.318,-3.8,5.2,1,0.55,1,0.2025,4,model_A,calm,low,forecast,0.7,0.0,3.016,11.129,True,False,True,False
2026-08-18,A5,1w,7,2026-08-25,resolved,0.6,3.64,3.04,-3.04,-2.9,4.1,1,0.55,1,0.2025,4,model_A,calm,low,forecast,0.6,0.0,3.591,7.945,True,False,True,False
2026-08-18,A6,1w,7,2026-08-25,resolved,0.25,0.359,0.109,-0.109,-0.15,0.7,1,0.66,1,0.1156,4,model_A,calm,low,forecast,0.25,0.0,0.379,0.152,True,False,True,False
2026-08-24,A1,1d,1,2026-08-25,resolved,0.1,-0.179,0.279,0.279,-1.75,1.95,1,0.52,0,0.2704,4,model_A,calm,low,forecast,-0.1,0.0,1.203,2.074,False,True,True,False
2026-08-24,A2,1d,1,2026-08-25,resolved,0.15,-1.255,1.405,1.405,-1.75,2.05,1,0.53,0,0.2809,4,model_A,calm,low,forecast,-0.15,0.0,-0.492,0.368,False,False,True,False
2026-08-24,A3,1d,1,2026-08-25,resolved,0.2,-0.452,0.652,0.652,-1.35,1.75,1,0.54,0,0.2916,4,model_A,calm,low,forecast,-0.2,0.0,-0.278,0.545,False,False,True,False
2026-08-24,A4,1d,1,2026-08-25,resolved,0.6,1.207,0.607,-0.607,-1.45,2.65,1,0.6,1,0.16,4,model_A,calm,low,forecast,0.6,0.0,1.201,2.371,True,False,True,False
2026-08-24,A5,1d,1,2026-08-25,resolved,0.55,0.397,0.153,0.153,-0.65,1.75,1,0.72,1,0.0784,4,model_A,calm,medium,forecast,0.244,0.0,0.963,0.996,True,True,True,True
2026-08-24,A6,1d,1,2026-08-25,resolved,0.08,0.022,0.058,0.058,-0.04,0.24,1,0.68,,,4,model_A,calm,low,forecast,-0.036,0.0,0.073,0.032,False,False,False,False
2026-08-19,A1,1w,7,2026-08-26,resolved,0.6,6.957,6.357,-6.357,-4.2,5.4,0,0.56,1,0.1936,4,model_A,data,low,forecast,0.6,0.0,-1.002,-6.249,True,True,True,True
2026-08-19,A2,1w,7,2026-08-26,resolved,0.3,-0.87,1.17,1.17,-3.9,4.5,1,0.53,0,0.2809,4,model_A,data,low,forecast,-0.3,0.0,-0.12,-10.793,False,False,True,False
2026-08-19,A3,1w,7,2026-08-26,resolved,0.35,-0.219,0.569,0.569,-4.0,4.7,1,0.53,0,0.2809,4,model_A,data,low,forecast,-0.35,0.0,0.618,-8.385,False,True,True,False
2026-08-19,A4,1w,7,2026-08-26,resolved,0.8,5.627,4.827,-4.827,-5.2,6.8,1,0.56,1,0.1936,4,model_A,data,low,forecast,0.8,0.0,0.976,-3.157,True,False,True,False
2026-08-19,A5,1w,7,2026-08-26,resolved,0.7,2.637,1.937,-1.937,-2.9,4.3,1,0.56,1,0.1936,4,model_A,data,low,forecast,0.7,0.0,3.582,-0.832,True,False,True,False
2026-08-19,A6,1w,7,2026-08-26,resolved,0.25,0.369,0.119,-0.119,-0.35,1.1,1,0.7,1,0.09,4,model_A,data,low,forecast,0.25,0.0,0.374,0.177,True,False,True,False
2026-08-25,A1,1d,1,2026-08-26,resolved,0.05,-0.213,0.263,0.263,-1.8,1.9,1,0.51,0,0.2601,4,model_A,calm,low,forecast,-0.05,0.0,1.157,-0.179,False,True,False,False
2026-08-25,A2,1d,1,2026-08-26,resolved,0.15,1.029,0.879,-0.879,-1.75,2.05,1,0.52,1,0.2304,4,model_A,calm,low,forecast,0.15,0.0,-0.809,-1.255,True,True,True,True
2026-08-25,A3,1d,1,2026-08-26,resolved,0.05,0.55,0.5,-0.5,-1.4,1.6,1,0.51,1,0.2401,4,model_A,calm,low,forecast,0.05,0.0,-0.488,-0.452,True,True,True,True
2026-08-25,A4,1d,1,2026-08-26,resolved,1.1,-0.055,1.155,1.155,-0.95,3.15,1,0.7,0,0.49,4,model_A,calm,low,forecast,-1.1,0.0,0.998,1.207,False,False,True,False
2026-08-25,A5,1d,1,2026-08-26,resolved,-0.15,-1.133,0.983,0.983,-1.35,1.05,1,0.45,1,0.2025,4,model_A,calm,low,forecast,0.15,0.0,0.724,0.397,True,True,True,True
2026-08-25,A6,1d,1,2026-08-26,resolved,0.06,0.045,0.015,0.015,-0.05,0.23,1,0.65,,,4,model_A,calm,low,forecast,0.03,0.0,0.072,0.022,True,True,True,True
2026-08-20,A1,1w,7,2026-08-27,resolved,0.7,2.934,2.234,-2.234,-4.2,6.0,1,0.55,1,0.2025,4,model_A,data,low,forecast,0.7,0.0,3.16,17.575,True,False,True,False
2026-08-20,A2,1w,7,2026-08-27,resolved,0.9,-0.035,0.935,0.935,-4.2,6.0,1,0.56,,,4,model_A,data,low,forecast,-0.9,0.0,-2.562,-4.675,False,True,True,False
2026-08-20,A3,1w,7,2026-08-27,resolved,0.7,0.902,0.202,-0.202,-3.6,5.2,1,0.55,1,0.2025,4,model_A,data,low,forecast,0.7,0.0,-1.919,-3.765,True,True,True,True
2026-08-20,A4,1w,7,2026-08-27,resolved,1.4,6.261,4.861,-4.861,-3.6,6.4,1,0.6,1,0.16,4,model_A,data,low,forecast,1.4,0.0,-1.661,-5.568,True,True,True,True
2026-08-20,A5,1w,7,2026-08-27,resolved,0.5,0.907,0.407,-0.407,-4.0,5.2,1,0.54,1,0.2116,4,model_A,data,low,forecast,0.5,0.0,4.517,14.033,True,True,True,True
2026-08-20,A6,1w,7,2026-08-27,resolved,0.22,0.406,0.186,-0.186,-0.15,0.75,1,0.68,1,0.1024,4,model_A,data,medium,forecast,0.22,0.0,0.346,0.052,True,False,True,False
2026-08-26,A1,1d,1,2026-08-27,resolved,0.03,-0.378,0.408,0.408,-1.91,1.97,1,0.51,0,0.2601,4,model_A,data,low,forecast,-0.03,0.0,1.364,-0.213,False,True,False,False
2026-08-26,A2,1d,1,2026-08-27,resolved,0.07,-0.1,0.17,0.17,-1.86,2.0,1,0.51,0,0.2601,4,model_A,data,low,forecast,-0.07,0.0,-0.171,1.029,False,False,True,False
2026-08-26,A3,1d,1,2026-08-27,resolved,0.05,0.363,0.313,-0.313,-1.47,1.57,1,0.51,1,0.2401,4,model_A,data,low,forecast,0.05,0.0,-0.043,0.55,True,True,False,False
2026-08-26,A4,1d,1,2026-08-27,resolved,0.4,-0.519,0.919,0.919,-1.65,2.45,1,0.55,0,0.3025,4,model_A,data,low,forecast,-0.4,0.0,1.113,-0.055,False,True,False,False
2026-08-26,A5,1d,1,2026-08-27,resolved,0.04,1.074,1.034,-1.034,-1.61,1.69,1,0.5,0,0.25,4,model_A,data,low,forecast,0.04,0.0,0.531,-1.133,True,False,True,False
2026-08-26,A6,1d,1,2026-08-27,resolved,0.06,0.048,0.012,0.012,-0.06,0.18,1,0.66,,,4,model_A,data,medium,forecast,0.036,0.0,0.074,0.045,True,True,False,False
2026-08-21,A1,1w,7,2026-08-28,resolved,0.6,1.022,0.422,-0.422,-4.0,5.2,1,0.54,1,0.2116,4,model_A,data,low,forecast,0.6,0.0,5.553,8.124,True,True,True,True
2026-08-21,A2,1w,7,2026-08-28,resolved,0.7,1.964,1.264,-1.264,-4.2,5.6,1,0.54,1,0.2116,4,model_A,data,low,forecast,0.7,0.0,-3.432,-0.316,True,True,True,True
2026-08-21,A3,1w,7,2026-08-28,resolved,0.5,1.357,0.857,-0.857,-3.6,4.6,1,0.53,1,0.2209,4,model_A,data,low,forecast,0.5,0.0,-2.124,-0.512,True,True,True,True
2026-08-21,A4,1w,7,2026-08-28,resolved,0.8,2.712,1.912,-1.912,-4.8,6.4,1,0.55,1,0.2025,4,model_A,data,low,forecast,0.8,0.0,3.029,15.774,True,False,True,False
2026-08-21,A5,1w,7,2026-08-28,resolved,0.5,1.629,1.129,-1.129,-3.3,4.3,1,0.53,1,0.2209,4,model_A,data,low,forecast,0.5,0.0,3.949,-2.065,True,True,True,True
2026-08-21,A6,1w,7,2026-08-28,resolved,0.32,0.371,0.051,-0.051,-0.15,0.9,1,0.72,1,0.0784,4,model_A,data,low,forecast,0.32,0.0,0.373,1.292,True,False,True,False
2026-08-27,A1,1d,1,2026-08-28,resolved,0.05,-0.263,0.313,0.313,-1.85,1.95,1,0.51,0,0.2601,4,model_A,data,low,forecast,-0.05,0.0,0.586,-0.378,False,True,False,False
2026-08-27,A2,1d,1,2026-08-28,resolved,0.1,1.935,1.835,-1.835,-1.75,1.95,1,0.52,1,0.2304,4,model_A,data,low,forecast,0.1,0.0,-0.004,-0.1,True,True,True,True
2026-08-27,A3,1d,1,2026-08-28,resolved,0.15,0.347,0.197,-0.197,-1.35,1.65,1,0.53,1,0.2209,4,model_A,data,low,forecast,0.15,0.0,0.181,0.363,True,False,False,False
2026-08-27,A4,1d,1,2026-08-28,resolved,0.2,-0.291,0.491,0.491,-1.85,2.25,1,0.54,0,0.2916,4,model_A,data,low,forecast,-0.2,0.0,1.232,-0.519,False,True,False,False
2026-08-27,A5,1d,1,2026-08-28,resolved,0.1,0.3,0.2,-0.2,-1.55,1.75,1,0.52,1,0.2304,4,model_A,data,low,forecast,0.1,0.0,0.184,1.074,True,False,True,False
2026-08-27,A6,1d,1,2026-08-28,resolved,0.06,0.224,0.164,-0.164,-0.05,0.22,0,0.65,1,0.1225,4,model_A,data,low,forecast,0.06,0.0,0.081,0.048,True,False,True,False
2026-08-01,A1,1m,30,2026-08-31,resolved,2.0,11.472,9.472,-9.472,-8.0,13.0,1,0.58,1,0.1764,1,model_A,weekend,low,projection,2.0,0.0,,,True,,,
2026-08-01,A4,1m,30,2026-08-31,resolved,2.0,18.187,16.187,-16.187,-11.0,15.0,0,0.56,1,0.1936,1,model_A,weekend,low,projection,2.0,0.0,,,True,,,
2026-08-01,A2,1m,30,2026-08-31,resolved,1.5,5.172,3.672,-3.672,-11.0,14.0,1,0.55,1,0.2025,1,model_A,weekend,low,projection,1.5,0.0,,,True,,,
2026-08-01,A3,1m,30,2026-08-31,resolved,3.2,15.915,12.715,-12.715,-2.0,8.0,0,0.7,1,0.09,1,model_A,weekend,low,projection,3.2,0.0,,,True,,,
2026-08-22,A1,1w,7,2026-08-31,resolved,0.6,-3.149,3.749,3.749,-4.0,5.2,1,0.54,0,0.2916,4,model_A,weekend,low,forecast,-0.6,0.0,6.663,9.749,False,True,True,False
2026-08-22,A2,1w,7,2026-08-31,resolved,0.7,2.24,1.54,-1.54,-4.2,5.6,1,0.54,1,0.2116,4,model_A,weekend,low,forecast,0.7,0.0,-4.118,-0.379,True,True,True,True
2026-08-22,A3,1w,7,2026-08-31,resolved,0.5,1.22,0.72,-0.72,-3.6,4.6,1,0.53,1,0.2209,4,model_A,weekend,low,forecast,0.5,0.0,-2.549,-0.614,True,True,True,True
2026-08-22,A4,1w,7,2026-08-31,resolved,1.6,3.469,1.869,-1.869,-4.0,7.2,1,0.57,1,0.1849,4,model_A,weekend,low,forecast,1.6,0.0,3.635,18.929,True,False,True,False
2026-08-22,A5,1w,7,2026-08-31,resolved,0.8,2.773,1.973,-1.973,-3.0,4.6,1,0.55,1,0.2025,4,model_A,weekend,low,forecast,0.8,0.0,4.739,-2.478,True,False,True,False
2026-08-22,A6,1w,7,2026-08-31,resolved,0.36,0.474,0.114,-0.114,-0.12,0.92,1,0.72,1,0.0784,4,model_A,weekend,low,forecast,0.36,0.0,0.448,1.551,True,False,True,False
2026-08-23,A1,1w,7,2026-08-31,resolved,0.6,-3.149,3.749,3.749,-4.0,5.2,1,0.54,0,0.2916,4,model_A,weekend,low,forecast,-0.6,0.0,6.663,9.749,False,True,True,False
2026-08-23,A2,1w,7,2026-08-31,resolved,0.7,2.24,1.54,-1.54,-4.2,5.6,1,0.54,1,0.2116,4,model_A,weekend,low,forecast,0.7,0.0,-4.118,-0.379,True,True,True,True
2026-08-23,A3,1w,7,2026-08-31,resolved,0.5,1.22,0.72,-0.72,-3.6,4.6,1,0.53,1,0.2209,4,model_A,weekend,low,forecast,0.5,0.0,-2.549,-0.614,True,True,True,True
2026-08-23,A4,1w,7,2026-08-31,resolved,1.85,3.469,1.619,-1.619,-4.2,7.0,1,0.57,1,0.1849,4,model_A,weekend,low,forecast,1.85,0.0,3.635,18.929,True,False,True,False
2026-08-23,A5,1w,7,2026-08-31,resolved,0.8,2.773,1.973,-1.973,-3.0,4.6,1,0.55,1,0.2025,4,model_A,weekend,low,forecast,0.8,0.0,4.739,-2.478,True,False,True,False
2026-08-23,A6,1w,7,2026-08-31,resolved,0.36,0.462,0.102,-0.102,-0.12,0.92,1,0.72,1,0.0784,4,model_A,weekend,low,forecast,0.36,0.0,0.448,1.551,True,False,True,False
2026-08-24,A1,1w,7,2026-08-31,resolved,0.7,-4.211,4.911,4.911,-4.0,5.2,0,0.55,0,0.3025,4,model_A,calm,low,forecast,-0.7,0.0,6.015,10.368,False,True,True,False
2026-08-24,A2,1w,7,2026-08-31,resolved,0.6,1.865,1.265,-1.265,-4.2,5.6,1,0.54,1,0.2116,4,model_A,calm,low,forecast,0.6,0.0,-2.459,1.841,True,True,False,False
2026-08-24,A3,1w,7,2026-08-31,resolved,0.8,0.671,0.129,0.129,-3.6,4.8,1,0.55,1,0.2025,4,model_A,calm,low,forecast,0.542,0.0,-1.388,2.727,True,True,True,True
2026-08-24,A4,1w,7,2026-08-31,resolved,0.8,1.072,0.272,-0.272,-4.6,6.4,1,0.55,1,0.2025,4,model_A,calm,low,forecast,0.8,0.0,6.007,11.857,True,True,True,True
2026-08-24,A5,1w,7,2026-08-31,resolved,1.8,1.759,0.041,0.041,-2.6,5.6,1,0.62,1,0.1444,4,model_A,calm,low,forecast,1.718,0.0,4.813,4.982,True,True,True,True
2026-08-24,A6,1w,7,2026-08-31,resolved,0.42,0.376,0.044,0.044,-0.1,1.0,1,0.73,1,0.0729,4,model_A,calm,low,forecast,0.332,0.0,0.367,0.161,True,False,True,False
2026-08-28,A1,1d,1,2026-08-31,resolved,0.1,-3.214,3.314,3.314,-2.3,2.5,0,0.51,0,0.2601,4,model_A,data,low,forecast,-0.1,0.0,0.208,-0.263,False,True,False,False
2026-08-28,A2,1d,1,2026-08-31,resolved,0.05,0.27,0.22,-0.22,-2.25,2.35,1,0.51,1,0.2401,4,model_A,data,low,forecast,0.05,0.0,0.396,1.935,True,False,True,False
2026-08-28,A3,1d,1,2026-08-31,resolved,0.1,-0.135,0.235,0.235,-1.75,1.85,1,0.52,0,0.2704,4,model_A,data,low,forecast,-0.1,0.0,0.271,0.347,False,True,True,False
2026-08-28,A4,1d,1,2026-08-31,resolved,0.5,0.736,0.236,-0.236,-1.8,2.8,1,0.55,1,0.2025,4,model_A,data,low,forecast,0.5,0.0,0.543,-0.291,True,False,True,False
2026-08-28,A5,1d,1,2026-08-31,resolved,0.15,1.125,0.975,-0.975,-1.75,1.95,1,0.52,1,0.2304,4,model_A,data,low,forecast,0.15,0.0,0.327,0.3,True,False,False,False
2026-08-28,A6,1d,1,2026-08-31,resolved,0.08,0.037,0.043,0.043,-0.1,0.32,1,0.66,,,4,model_A,data,low,forecast,-0.006,0.0,0.074,0.224,False,False,True,False
2026-08-29,A1,1d,1,2026-08-31,resolved,0.2,-0.364,0.564,0.564,-2.0,2.4,1,0.53,0,0.2809,4,model_A,weekend,low,forecast,-0.2,0.0,0.208,-0.263,False,True,False,False
2026-08-29,A2,1d,1,2026-08-31,resolved,-0.35,0.27,0.62,-0.62,-2.15,1.45,1,0.42,0,0.3364,4,model_A,weekend,low,forecast,-0.35,0.0,0.396,1.935,False,False,True,False
2026-08-29,A3,1d,1,2026-08-31,resolved,-0.2,-0.135,0.065,-0.065,-1.75,1.35,1,0.44,1,0.1936,4,model_A,weekend,low,forecast,0.07,0.0,0.271,0.347,True,True,True,True
2026-08-29,A4,1d,1,2026-08-31,resolved,-0.1,0.736,0.836,-0.836,-2.2,2.0,1,0.47,0,0.2809,4,model_A,weekend,low,forecast,-0.1,0.0,0.543,-0.291,False,False,True,False
2026-08-29,A5,1d,1,2026-08-31,resolved,0.05,1.125,1.075,-1.075,-1.5,1.6,1,0.51,1,0.2401,4,model_A,weekend,low,forecast,0.05,0.0,0.327,0.3,True,False,False,False
2026-08-29,A6,1d,1,2026-08-31,resolved,0.08,0.057,0.023,0.023,-0.08,0.3,1,0.66,1,0.1156,4,model_A,weekend,low,forecast,0.034,0.0,0.074,0.224,True,False,True,False
2026-08-30,A1,1d,1,2026-08-31,resolved,0.2,-0.364,0.564,0.564,-2.0,2.4,1,0.53,0,0.2809,4,model_A,holiday,low,forecast,-0.2,0.0,0.208,-0.263,False,True,False,False
2026-08-30,A2,1d,1,2026-08-31,resolved,-0.35,0.27,0.62,-0.62,-2.15,1.45,1,0.42,0,0.3364,4,model_A,holiday,low,forecast,-0.35,0.0,0.396,1.935,False,False,True,False
2026-08-30,A3,1d,1,2026-08-31,resolved,-0.2,-0.135,0.065,-0.065,-1.75,1.35,1,0.44,1,0.1936,4,model_A,holiday,low,forecast,0.07,0.0,0.271,0.347,True,True,True,True
2026-08-30,A4,1d,1,2026-08-31,resolved,-0.1,0.736,0.836,-0.836,-2.2,2.0,1,0.47,0,0.2809,4,model_A,holiday,low,forecast,-0.1,0.0,0.543,-0.291,False,False,True,False
2026-08-30,A5,1d,1,2026-08-31,resolved,0.05,1.125,1.075,-1.075,-1.5,1.6,1,0.51,1,0.2401,4,model_A,holiday,low,forecast,0.05,0.0,0.327,0.3,True,False,False,False
2026-08-30,A6,1d,1,2026-08-31,resolved,0.08,0.057,0.023,0.023,-0.08,0.3,1,0.66,1,0.1156,4,model_A,holiday,low,forecast,0.034,0.0,0.074,0.224,True,False,True,False
2026-08-02,A1,1m,30,2026-09-01,resolved,2.2,11.347,9.147,-9.147,-7.5,13.0,1,0.58,1,0.1764,1,model_A,weekend,low,projection,2.2,0.0,,,True,,,
2026-08-02,A4,1m,30,2026-09-01,baz_fiyat_yok,,,,,,,,,,,,model_A,,,,,,,,,,,
2026-08-02,A2,1m,30,2026-09-01,baz_fiyat_yok,,,,,,,,,,,,model_A,,,,,,,,,,,
2026-08-02,A3,1m,30,2026-09-01,baz_fiyat_yok,,,,,,,,,,,,model_A,,,,,,,,,,,
2026-08-25,A1,1w,7,2026-09-01,resolved,0.6,-4.147,4.747,4.747,-4.1,5.3,0,0.54,0,0.2916,4,model_A,calm,low,forecast,-0.6,0.0,5.784,-0.896,False,True,False,False
2026-08-25,A2,1w,7,2026-09-01,resolved,0.4,2.721,2.321,-2.321,-4.3,5.5,1,0.52,1,0.2304,4,model_A,calm,low,forecast,0.4,0.0,-4.043,-6.273,True,True,True,True
2026-08-25,A3,1w,7,2026-09-01,resolved,0.4,-0.598,0.998,0.998,-3.7,4.7,1,0.53,0,0.2809,4,model_A,calm,low,forecast,-0.4,0.0,-2.439,-2.261,False,True,True,False
2026-08-25,A4,1w,7,2026-09-01,resolved,1.2,-3.571,4.771,4.771,-4.4,6.6,1,0.56,0,0.3136,4,model_A,calm,low,forecast,-1.2,0.0,4.988,6.033,False,True,True,False
2026-08-25,A5,1w,7,2026-09-01,resolved,0.9,-0.706,1.606,1.606,-3.2,5.0,1,0.56,0,0.3136,4,model_A,calm,low,forecast,-0.9,0.0,3.621,1.987,False,True,True,False
2026-08-25,A6,1w,7,2026-09-01,resolved,0.36,0.381,0.021,-0.021,-0.12,0.92,1,0.72,1,0.0784,4,model_A,calm,low,forecast,0.36,0.0,0.359,0.111,True,True,True,True
2026-08-31,A1,1d,1,2026-09-01,resolved,0.1,-0.112,0.212,0.212,-1.95,2.15,1,0.52,0,0.2704,4,model_A,data,low,forecast,-0.1,0.0,-0.85,-3.214,False,True,True,False
2026-08-31,A2,1d,1,2026-09-01,resolved,0.05,-0.425,0.475,0.475,-1.8,1.9,1,0.51,0,0.2601,4,model_A,data,low,forecast,-0.05,0.0,0.376,0.27,False,True,True,False
2026-08-31,A3,1d,1,2026-09-01,resolved,0.05,-1.707,1.757,1.757,-1.4,1.5,0,0.51,0,0.2601,4,model_A,data,low,forecast,-0.05,0.0,0.135,-0.135,False,True,False,False
2026-08-31,A4,1d,1,2026-09-01,resolved,-0.6,-3.442,2.842,2.842,-2.7,1.5,0,0.36,1,0.1296,4,model_A,data,low,forecast,0.6,0.0,0.216,0.736,True,True,True,True
2026-08-31,A5,1d,1,2026-09-01,resolved,0.05,-2.034,2.084,2.084,-1.45,1.55,0,0.51,0,0.2601,4,model_A,data,low,forecast,-0.05,0.0,0.353,1.125,False,True,True,False
2026-08-31,A6,1d,1,2026-09-01,resolved,0.07,0.027,0.043,0.043,-0.04,0.22,1,0.66,,,4,model_A,data,low,forecast,-0.016,0.0,0.075,0.037,False,True,False,False
2026-08-03,A1,1m,30,2026-09-02,resolved,-2.0,8.311,10.311,-10.311,-11.0,9.0,1,0.42,0,0.3364,1,model_A,data,low,projection,-2.0,0.0,,,False,,,
2026-08-03,A4,1m,30,2026-09-02,resolved,-1.5,11.277,12.777,-12.777,-10.0,8.0,0,0.43,0,0.3249,1,model_A,data,low,projection,-1.5,0.0,,,False,,,
2026-08-03,A2,1m,30,2026-09-02,resolved,2.0,5.999,3.999,-3.999,-12.0,16.0,1,0.55,1,0.2025,1,model_A,data,low,projection,2.0,0.0,,,True,,,
2026-08-03,A5,1m,30,2026-09-02,baz_fiyat_yok,,,,,,,,,,,,model_A,,,,,,,,,,,
2026-08-03,A6,1m,30,2026-09-02,resolved,1.8,1.584,0.216,0.216,-1.0,6.0,1,0.7,1,0.09,1,model_A,data,medium,projection,1.368,0.0,,,True,,,
2026-08-03,A3,1m,30,2026-09-02,resolved,1.9,2.867,0.967,-0.967,-14.8,18.8,1,0.52,1,0.2304,1,model_A,data,low,projection,1.9,0.0,,,True,,,
2026-08-26,A1,1w,7,2026-09-02,resolved,0.75,-6.23,6.98,6.98,-3.59,5.09,0,0.58,0,0.3364,4,model_A,data,low,forecast,-0.75,0.0,6.821,-1.067,False,True,False,False
2026-08-26,A2,1w,7,2026-09-02,resolved,0.75,0.324,0.426,0.426,-3.57,5.07,1,0.55,1,0.2025,4,model_A,data,low,forecast,-0.102,0.0,-0.855,5.147,False,True,True,False
2026-08-26,A3,1w,7,2026-09-02,resolved,0.55,-2.345,2.895,2.895,-2.85,3.95,1,0.54,0,0.2916,4,model_A,data,low,forecast,-0.55,0.0,-0.213,2.748,False,False,True,False
2026-08-26,A4,1w,7,2026-09-02,resolved,0.85,-4.897,5.747,5.747,-3.73,5.43,0,0.56,0,0.3136,4,model_A,data,low,forecast,-0.85,0.0,5.564,-0.277,False,True,False,False
2026-08-26,A5,1w,7,2026-09-02,resolved,0.5,-0.864,1.364,1.364,-3.19,4.19,1,0.54,0,0.2916,4,model_A,data,low,forecast,-0.5,0.0,2.654,-5.665,False,True,True,False
2026-08-26,A6,1w,7,2026-09-02,resolved,0.28,0.39,0.11,-0.11,0.02,0.54,1,0.9,1,0.01,4,model_A,data,low,forecast,0.28,0.0,0.368,0.225,True,False,True,False
2026-09-01,A1,1d,1,2026-09-02,resolved,0.1,-2.382,2.482,2.482,-1.85,2.05,0,0.52,0,0.2704,4,model_A,calm,low,forecast,-0.1,0.0,-0.836,-0.112,False,False,False,False
2026-09-01,A2,1d,1,2026-09-02,resolved,0.05,-1.328,1.378,1.378,-1.8,1.9,1,0.51,0,0.2601,4,model_A,calm,low,forecast,-0.05,0.0,0.542,-0.425,False,True,False,False
2026-09-01,A3,1d,1,2026-09-02,resolved,0.15,-1.218,1.368,1.368,-1.35,1.65,1,0.52,0,0.2704,4,model_A,calm,low,forecast,-0.15,0.0,-0.116,-1.707,False,False,False,False
2026-09-01,A4,1d,1,2026-09-02,resolved,0.8,-1.43,2.23,2.23,-1.45,3.05,1,0.62,0,0.3844,4,model_A,calm,low,forecast,-0.8,0.0,-0.714,-3.442,False,False,False,False
2026-09-01,A5,1d,1,2026-09-02,resolved,0.3,-1.291,1.591,1.591,-1.25,1.85,0,0.57,0,0.3249,4,model_A,calm,low,forecast,-0.3,0.0,-0.134,-2.034,False,False,False,False
2026-09-01,A6,1d,1,2026-09-02,resolved,0.07,0.054,0.016,0.016,-0.04,0.22,1,0.66,1,0.1156,4,model_A,calm,low,forecast,0.038,0.0,0.076,0.027,True,True,True,True
2026-08-04,A1,1m,30,2026-09-03,resolved,0.5,10.699,10.199,-10.199,-9.0,11.0,1,0.52,1,0.2304,1,model_A,calm,low,projection,0.5,0.0,4.832,4.832,True,False,False,False
2026-08-04,A4,1m,30,2026-09-03,resolved,0.3,9.785,9.485,-9.485,-9.5,11.0,1,0.51,1,0.2401,1,model_A,calm,low,projection,0.3,0.0,-1.253,-1.253,True,True,True,True
2026-08-04,A2,1m,30,2026-09-03,resolved,2.0,4.618,2.618,-2.618,-11.0,16.0,1,0.58,1,0.1764,1,model_A,calm,low,projection,2.0,0.0,14.39,14.39,True,True,True,True
2026-08-04,A6,1m,30,2026-09-03,resolved,1.8,1.583,0.217,0.217,-0.5,4.0,1,0.7,1,0.09,1,model_A,calm,medium,projection,1.366,0.0,0.689,0.689,True,True,True,True
2026-08-04,A3,1m,30,2026-09-03,resolved,1.91,2.157,0.247,-0.247,-13.2,19.2,1,0.53,1,0.2209,1,model_A,calm,low,projection,1.91,0.0,9.736,9.736,True,True,True,True
2026-08-27,A1,1w,7,2026-09-03,resolved,0.6,-3.587,4.187,4.187,-4.2,5.4,1,0.54,0,0.2916,4,model_A,data,low,forecast,-0.6,0.0,2.928,-1.892,False,True,False,False
2026-08-27,A2,1w,7,2026-09-03,resolved,0.5,-0.235,0.735,0.735,-4.3,5.5,1,0.53,0,0.2809,4,model_A,data,low,forecast,-0.5,0.0,-0.021,-0.502,False,False,False,False
2026-08-27,A3,1w,7,2026-09-03,resolved,0.5,-2.942,3.442,3.442,-3.7,4.7,1,0.54,0,0.2916,4,model_A,data,low,forecast,-0.5,0.0,0.903,1.813,False,True,True,False
2026-08-27,A4,1w,7,2026-09-03,resolved,0.8,-5.736,6.536,6.536,-4.5,6.3,0,0.55,0,0.3025,4,model_A,data,low,forecast,-0.8,0.0,6.158,-2.597,False,True,False,False
2026-08-27,A5,1w,7,2026-09-03,resolved,0.8,-2.145,2.945,2.945,-3.3,5.0,1,0.55,0,0.3025,4,model_A,data,low,forecast,-0.8,0.0,0.922,5.37,False,True,True,False
2026-08-27,A6,1w,7,2026-09-03,resolved,0.36,0.373,0.013,-0.013,-0.12,0.9,1,0.72,1,0.0784,4,model_A,data,low,forecast,0.36,0.0,0.405,0.238,True,True,True,True
2026-09-02,A1,1d,1,2026-09-03,resolved,-0.05,2.429,2.479,-2.479,-2.05,1.85,0,0.49,0,0.2601,4,model_B,calm,low,forecast,-0.05,0.0,-1.27,-2.382,False,True,True,False
2026-09-02,A2,1d,1,2026-09-03,resolved,-0.05,-0.657,0.607,0.607,-1.85,1.75,1,0.48,1,0.2304,4,model_B,calm,low,forecast,0.05,0.0,0.07,-1.328,True,True,True,True
2026-09-02,A3,1d,1,2026-09-03,resolved,-0.2,-0.251,0.051,0.051,-1.55,1.35,1,0.42,1,0.1764,4,model_B,calm,low,forecast,0.2,0.0,-0.47,-1.218,True,True,True,True
2026-09-02,A4,1d,1,2026-09-03,resolved,0.25,-1.397,1.647,1.647,-2.05,2.45,1,0.55,0,0.3025,4,model_B,calm,low,forecast,-0.25,0.0,-0.989,-1.43,False,False,False,False
2026-09-02,A5,1d,1,2026-09-03,resolved,-1.1,-0.232,0.868,-0.868,-2.35,0.25,1,0.24,1,0.0576,4,model_B,calm,low,forecast,-0.636,0.0,-0.165,-1.291,False,False,True,False
2026-09-02,A6,1d,1,2026-09-03,resolved,0.06,0.03,0.03,0.03,-0.03,0.21,1,0.65,,,4,model_B,calm,low,forecast,0.0,0.0,0.078,0.054,True,True,False,False
2026-08-05,A2,1m,30,2026-09-04,resolved,2.0,-0.335,2.335,2.335,-12.0,17.0,1,0.55,0,0.3025,4,model_A,calm,low,projection,-2.0,0.0,54.911,95.432,False,True,True,False
2026-08-05,A1,1m,30,2026-09-04,resolved,2.0,9.018,7.018,-7.018,-9.0,14.0,1,0.56,1,0.1936,4,model_A,calm,low,projection,2.0,0.0,33.259,61.686,True,True,True,True
2026-08-05,A3,1m,30,2026-09-04,resolved,1.8,-0.9,2.7,2.7,-10.0,14.0,1,0.55,0,0.3025,4,model_A,calm,low,projection,-1.8,0.0,36.162,62.589,False,True,True,False
2026-08-05,A4,1m,30,2026-09-04,resolved,1.8,11.053,9.253,-9.253,-10.0,14.0,1,0.55,1,0.2025,4,model_A,calm,low,projection,1.8,0.0,17.149,35.551,True,False,True,False
2026-08-05,A5,1m,30,2026-09-04,resolved,2.5,6.551,4.051,-4.051,-11.0,16.0,1,0.55,1,0.2025,4,model_A,calm,low,projection,2.5,0.0,,,True,,,
2026-08-05,A6,1m,30,2026-09-04,resolved,1.8,1.948,0.148,-0.148,-1.0,4.5,1,0.7,1,0.09,4,model_A,calm,low,projection,1.8,0.0,-0.728,-2.146,True,True,True,True
2026-08-28,A1,1w,7,2026-09-04,resolved,0.7,-2.131,2.831,2.831,-4.3,5.5,1,0.54,0,0.2916,4,model_A,data,low,forecast,-0.7,0.0,1.039,-1.316,False,True,False,False
2026-08-28,A2,1w,7,2026-09-04,resolved,0.4,-2.718,3.118,3.118,-4.4,5.6,1,0.52,0,0.2704,4,model_A,data,low,forecast,-0.4,0.0,1.978,9.676,False,True,True,False
2026-08-28,A3,1w,7,2026-09-04,resolved,0.4,-3.503,3.903,3.903,-3.8,4.8,1,0.53,0,0.2809,4,model_A,data,low,forecast,-0.4,0.0,1.353,1.737,False,True,True,False
2026-08-28,A4,1w,7,2026-09-04,resolved,0.9,-2.824,3.724,3.724,-4.6,6.4,1,0.55,0,0.3025,4,model_A,data,low,forecast,-0.9,0.0,2.713,-1.453,False,True,False,False
2026-08-28,A5,1w,7,2026-09-04,resolved,0.8,-3.476,4.276,4.276,-3.4,5.0,0,0.55,0,0.3025,4,model_A,data,low,forecast,-0.8,0.0,1.634,1.498,False,True,True,False
2026-08-28,A6,1w,7,2026-09-04,resolved,0.38,0.41,0.03,-0.03,-0.12,0.95,1,0.72,1,0.0784,4,model_A,data,low,forecast,0.38,0.0,0.371,1.119,True,True,True,True
2026-09-03,A1,1d,1,2026-09-04,resolved,-0.1,1.243,1.343,-1.343,-2.0,1.85,1,0.49,0,0.2601,4,model_A,data,low,forecast,-0.1,0.0,-0.708,2.429,False,True,False,False
2026-09-03,A2,1d,1,2026-09-04,resolved,0.1,-0.602,0.702,0.702,-1.65,1.85,1,0.51,0,0.2601,4,model_A,data,low,forecast,-0.1,0.0,-0.041,-0.657,False,False,False,False
2026-09-03,A3,1d,1,2026-09-04,resolved,0.05,-0.232,0.282,0.282,-1.4,1.5,1,0.51,0,0.2601,4,model_A,data,low,forecast,-0.05,0.0,-0.593,-0.251,False,True,False,False
2026-09-03,A4,1d,1,2026-09-04,resolved,1.6,2.79,1.19,-1.19,-1.0,4.2,1,0.72,1,0.0784,4,model_A,data,medium,forecast,1.6,0.0,-1.165,-1.397,True,True,True,True
2026-09-03,A5,1d,1,2026-09-04,resolved,0.05,-1.065,1.115,1.115,-1.5,1.6,1,0.51,0,0.2601,4,model_A,data,low,forecast,-0.05,0.0,-0.426,-0.232,False,False,False,False
2026-09-03,A6,1d,1,2026-09-04,resolved,0.05,0.261,0.211,-0.211,-0.04,0.2,0,0.62,1,0.1444,4,model_A,data,medium,forecast,0.05,0.0,0.074,0.03,True,False,True,False
2026-08-06,A1,1m,30,2026-09-07,resolved,2.5,5.08,2.58,-2.58,-9.0,15.0,1,0.57,1,0.1849,4,model_A,calm,low,projection,2.5,0.0,36.954,44.344,True,True,True,True
2026-08-06,A2,1m,30,2026-09-07,resolved,1.5,1.038,0.462,0.462,-13.0,17.0,1,0.54,1,0.2116,4,model_A,calm,low,projection,0.576,0.0,43.732,21.374,True,True,True,True
2026-08-06,A3,1m,30,2026-09-07,resolved,1.5,-0.017,1.517,1.517,-11.0,15.0,1,0.54,,,4,model_A,calm,low,projection,-1.5,0.0,32.133,24.076,False,True,True,False
2026-08-06,A4,1m,30,2026-09-07,resolved,2.2,8.632,6.432,-6.432,-10.0,15.0,1,0.56,1,0.1936,4,model_A,calm,low,projection,2.2,0.0,32.688,63.765,True,True,True,True
2026-08-06,A5,1m,30,2026-09-07,resolved,2.0,5.208,3.208,-3.208,-12.0,16.0,1,0.54,1,0.2116,4,model_A,calm,low,projection,2.0,0.0,36.875,36.875,True,True,True,True
2026-08-06,A6,1m,30,2026-09-07,resolved,1.6,1.776,0.176,-0.176,-0.8,4.2,1,0.72,1,0.0784,4,model_A,calm,low,projection,1.6,0.0,0.737,3.667,True,True,True,True
2026-08-07,A1,1m,30,2026-09-07,resolved,4.0,3.838,0.162,0.162,-3.5,12.0,1,0.7,1,0.09,4,model_A,data,low,projection,3.676,0.0,32.739,25.131,True,True,True,True
2026-08-07,A6,1m,30,2026-09-07,resolved,1.9,1.544,0.356,0.356,0.4,3.6,1,0.88,1,0.0144,4,model_A,data,medium,projection,1.188,0.0,1.724,4.788,True,False,True,False
2026-08-07,A2,1m,30,2026-09-07,resolved,3.0,1.854,1.146,1.146,-7.0,13.0,1,0.6,1,0.16,4,model_A,data,low,projection,0.708,0.0,27.1,-16.831,True,True,True,True
2026-08-07,A3,1m,30,2026-09-07,resolved,2.6,0.438,2.162,2.162,-7.0,12.0,1,0.58,1,0.1764,4,model_A,data,low,projection,-1.724,0.0,20.628,-9.508,False,True,True,False
2026-08-07,A4,1m,30,2026-09-07,resolved,3.6,7.658,4.058,-4.058,-4.0,12.0,1,0.68,1,0.1024,4,model_A,data,low,projection,3.6,0.0,28.148,18.988,True,True,True,True
2026-08-07,A5,1m,30,2026-09-07,resolved,2.0,4.768,2.768,-2.768,-6.0,10.0,1,0.55,1,0.2025,4,model_A,data,low,projection,2.0,0.0,22.012,8.825,True,True,True,True
2026-08-29,A1,1w,7,2026-09-07,resolved,0.8,-0.931,1.731,1.731,-4.6,5.8,1,0.53,0,0.2809,4,model_A,weekend,low,forecast,-0.8,0.0,1.247,-1.58,False,True,False,False
2026-08-29,A2,1w,7,2026-09-07,resolved,0.2,-0.42,0.62,0.62,-4.6,5.2,1,0.5,1,0.25,4,model_A,weekend,low,forecast,-0.2,0.0,2.373,11.611,False,True,True,False
2026-08-29,A3,1w,7,2026-09-07,resolved,0.3,-1.578,1.878,1.878,-3.9,4.6,1,0.52,0,0.2704,4,model_A,weekend,low,forecast,-0.3,0.0,1.623,2.084,False,True,True,False
2026-08-29,A4,1w,7,2026-09-07,resolved,0.2,-2.187,2.387,2.387,-5.0,6.0,1,0.5,1,0.25,4,model_A,weekend,low,forecast,-0.2,0.0,3.255,-1.744,False,True,False,False
2026-08-29,A5,1w,7,2026-09-07,resolved,0.7,-3.095,3.795,3.795,-3.5,5.0,1,0.54,0,0.2916,4,model_A,weekend,low,forecast,-0.7,0.0,1.961,1.797,False,True,True,False
2026-08-29,A6,1w,7,2026-09-07,resolved,0.42,0.428,0.008,-0.008,-0.12,1.0,1,0.73,1,0.0729,4,model_A,weekend,low,forecast,0.42,0.0,0.445,1.343,True,True,True,True
2026-08-30,A1,1w,7,2026-09-07,resolved,0.8,-0.931,1.731,1.731,-4.6,5.8,1,0.53,0,0.2809,4,model_A,holiday,low,forecast,-0.8,0.0,1.247,-1.58,False,True,False,False
2026-08-30,A2,1w,7,2026-09-07,resolved,0.2,-0.42,0.62,0.62,-4.6,5.2,1,0.5,1,0.25,4,model_A,holiday,low,forecast,-0.2,0.0,2.373,11.611,False,True,True,False
2026-08-30,A3,1w,7,2026-09-07,resolved,0.3,-1.578,1.878,1.878,-3.9,4.6,1,0.52,0,0.2704,4,model_A,holiday,low,forecast,-0.3,0.0,1.623,2.084,False,True,True,False
2026-08-30,A4,1w,7,2026-09-07,resolved,0.2,-2.187,2.387,2.387,-5.0,6.0,1,0.5,1,0.25,4,model_A,holiday,low,forecast,-0.2,0.0,3.255,-1.744,False,True,False,False
2026-08-30,A5,1w,7,2026-09-07,resolved,0.7,-3.095,3.795,3.795,-3.5,5.0,1,0.54,0,0.2916,4,model_A,holiday,low,forecast,-0.7,0.0,1.961,1.797,False,True,True,False
2026-08-30,A6,1w,7,2026-09-07,resolved,0.42,0.428,0.008,-0.008,-0.12,1.0,1,0.73,1,0.0729,4,model_A,holiday,low,forecast,0.42,0.0,0.445,1.343,True,True,True,True
2026-09-04,A1,1d,1,2026-09-07,resolved,0.1,-1.669,1.769,1.769,-2.8,3.0,1,0.52,0,0.2704,4,model_A,data,medium,forecast,-0.1,0.0,-0.407,1.243,False,False,True,False
2026-09-04,A4,1d,1,2026-09-07,resolved,1.4,0.655,0.745,0.745,-1.3,4.1,1,0.8,1,0.04,4,model_A,data,medium,forecast,-0.09,0.0,-0.549,2.79,False,True,True,False
2026-09-04,A2,1d,1,2026-09-07,resolved,0.5,2.363,1.863,-1.863,-1.8,2.6,1,0.6,1,0.16,4,model_A,data,low,forecast,0.5,0.0,-0.548,-0.602,True,True,True,True
2026-09-04,A3,1d,1,2026-09-07,resolved,0.15,1.995,1.845,-1.845,-1.5,1.7,0,0.54,1,0.2116,4,model_A,data,low,forecast,0.15,0.0,-0.709,-0.232,True,True,True,True
2026-09-04,A5,1d,1,2026-09-07,resolved,0.1,0.395,0.295,-0.295,-1.7,1.8,1,0.52,1,0.2304,4,model_A,data,medium,forecast,0.1,0.0,-0.699,-1.065,True,True,True,True
2026-09-04,A6,1d,1,2026-09-07,resolved,0.15,-0.002,0.152,0.152,-0.1,0.45,1,0.78,,,4,model_A,data,medium,forecast,-0.15,0.0,0.082,0.261,False,False,True,False
2026-09-05,A1,1d,1,2026-09-07,resolved,0.0,-0.789,0.789,0.789,-2.2,2.4,1,0.5,1,0.25,4,model_A,weekend,medium,forecast,0.0,0.0,-0.407,1.243,False,False,True,False
2026-09-05,A4,1d,1,2026-09-07,resolved,-1.1,0.655,1.755,-1.755,-3.0,0.8,1,0.2,0,0.64,4,model_A,weekend,medium,forecast,-1.1,0.0,-0.549,2.79,False,False,True,False
2026-09-05,A2,1d,1,2026-09-07,resolved,0.15,2.363,2.213,-2.213,-2.0,2.4,1,0.53,1,0.2209,4,model_A,weekend,low,forecast,0.15,0.0,-0.548,-0.602,True,True,True,True
2026-09-05,A3,1d,1,2026-09-07,resolved,0.2,1.995,1.795,-1.795,-1.6,1.9,0,0.55,1,0.2025,4,model_A,weekend,low,forecast,0.2,0.0,-0.709,-0.232,True,True,True,True
2026-09-05,A5,1d,1,2026-09-07,resolved,0.1,0.395,0.295,-0.295,-1.6,1.8,1,0.53,1,0.2209,4,model_A,weekend,medium,forecast,0.1,0.0,-0.699,-1.065,True,True,True,True
2026-09-05,A6,1d,1,2026-09-07,resolved,0.1,0.024,0.076,0.076,-0.1,0.35,1,0.72,,,4,model_A,weekend,medium,forecast,-0.052,0.0,0.082,0.261,False,False,True,False
2026-09-06,A1,1d,1,2026-09-07,resolved,0.0,-0.789,0.789,0.789,-2.1,2.3,1,0.5,1,0.25,4,model_A,weekend,medium,forecast,0.0,0.0,-0.407,1.243,False,False,True,False
2026-09-06,A4,1d,1,2026-09-07,resolved,-1.1,0.655,1.755,-1.755,-3.0,0.8,1,0.2,0,0.64,4,model_A,weekend,medium,forecast,-1.1,0.0,-0.549,2.79,False,False,True,False
2026-09-06,A2,1d,1,2026-09-07,resolved,0.15,2.363,2.213,-2.213,-2.0,2.4,1,0.53,1,0.2209,4,model_A,weekend,low,forecast,0.15,0.0,-0.548,-0.602,True,True,True,True
2026-09-06,A3,1d,1,2026-09-07,resolved,0.2,1.995,1.795,-1.795,-1.6,1.9,0,0.55,1,0.2025,4,model_A,weekend,low,forecast,0.2,0.0,-0.709,-0.232,True,True,True,True
2026-09-06,A5,1d,1,2026-09-07,resolved,0.1,0.395,0.295,-0.295,-1.6,1.8,1,0.53,1,0.2209,4,model_A,weekend,medium,forecast,0.1,0.0,-0.699,-1.065,True,True,True,True
2026-09-06,A6,1d,1,2026-09-07,resolved,0.07,0.046,0.024,0.024,-0.08,0.28,1,0.7,,,4,model_A,weekend,medium,forecast,0.022,0.0,0.082,0.261,True,True,True,True
