date,dow,asset_id,return_pct,gap_days,stale_flag
2026-08-02,6,A1,8.1e-05,1,0
2026-08-03,0,A1,0.354039,1,0
2026-08-04,1,A1,0.219646,1,0
2026-08-04,1,A2,0.654095,1,0
2026-08-04,1,A3,0.442525,1,0
2026-08-04,1,A4,-0.056954,1,0
2026-08-04,1,A6,0.03134,1,0
2026-08-05,2,A1,2.803896,1,0
2026-08-05,2,A2,4.337813,1,0
2026-08-05,2,A3,2.844952,1,0
2026-08-05,2,A4,1.615953,1,0
2026-08-05,2,A6,-0.097564,1,0
2026-08-06,3,A1,2.015648,1,0
2026-08-06,3,A2,0.971568,1,0
2026-08-06,3,A3,1.09435,1,0
2026-08-06,3,A4,2.898413,1,0
2026-08-06,3,A5,1.67613,1,0
2026-08-06,3,A6,0.166694,1,0
2026-08-07,4,A1,1.196733,1,0
2026-08-07,4,A2,-0.8015,1,0
2026-08-07,4,A3,-0.452763,1,0
2026-08-07,4,A4,0.904181,1,0
2026-08-07,4,A5,0.420248,1,0
2026-08-07,4,A6,0.227982,1,0
2026-08-08,5,A1,1.047238,1,0
2026-08-08,5,A6,-0.019707,1,0
2026-08-09,6,A1,0.0,1,1
2026-08-09,6,A6,0.0,1,1
2026-08-10,0,A1,0.163221,1,0
2026-08-10,0,A6,0.052631,1,0
2026-08-11,1,A1,0.620488,1,0
2026-08-11,1,A2,0.758925,1,0
2026-08-11,1,A3,0.485033,1,0
2026-08-11,1,A4,0.789783,1,0
2026-08-11,1,A5,0.484893,1,0
2026-08-11,1,A6,0.0394,1,0
2026-08-12,2,A1,0.727359,1,0
2026-08-12,2,A2,-0.273468,1,0
2026-08-12,2,A3,0.072462,1,0
2026-08-12,2,A4,1.407981,1,0
2026-08-12,2,A5,-0.156984,1,0
2026-08-12,2,A6,0.040223,1,0
2026-08-13,3,A1,-0.647116,1,0
2026-08-13,3,A2,1.506988,1,0
2026-08-13,3,A3,1.784275,1,0
2026-08-13,3,A4,1.52375,1,0
2026-08-13,3,A5,1.871315,1,0
2026-08-13,3,A6,0.038741,1,0
2026-08-14,4,A1,-0.768049,1,0
2026-08-14,4,A2,0.807046,1,0
2026-08-14,4,A3,0.102074,1,0
2026-08-14,4,A4,-1.534896,1,0
2026-08-14,4,A5,0.154615,1,0
2026-08-14,4,A6,0.230679,1,0
2026-08-15,5,A1,1.063697,1,0
2026-08-15,5,A6,-0.006683,1,0
2026-08-16,6,A1,0.0,1,1
2026-08-16,6,A6,-0.038848,1,0
2026-08-17,0,A1,0.542135,1,0
2026-08-17,0,A6,0.084203,1,0
2026-08-18,1,A1,0.051234,1,0
2026-08-18,1,A2,0.329159,1,0
2026-08-18,1,A3,0.598691,1,0
2026-08-18,1,A4,2.225888,1,0
2026-08-18,1,A5,1.589099,1,0
2026-08-18,1,A6,0.03048,1,0
2026-08-19,2,A1,-1.249793,1,0
2026-08-19,2,A2,-2.158628,1,0
2026-08-19,2,A3,-1.677094,1,0
2026-08-19,2,A4,-0.631451,1,0
2026-08-19,2,A5,-0.166389,1,0
2026-08-19,2,A6,0.035479,1,0
2026-08-20,3,A1,3.514988,1,0
2026-08-20,3,A2,-0.935088,1,0
2026-08-20,3,A3,-0.75302,1,0
2026-08-20,3,A4,-1.113614,1,0
2026-08-20,3,A5,2.806524,1,0
2026-08-20,3,A6,0.010431,1,0
2026-08-21,4,A1,1.624839,1,0
2026-08-21,4,A2,-0.063109,1,0
2026-08-21,4,A3,-0.102347,1,0
2026-08-21,4,A4,3.154864,1,0
2026-08-21,4,A5,-0.412934,1,0
2026-08-21,4,A6,0.258462,1,0
2026-08-22,5,A1,0.953634,1,0
2026-08-22,5,A6,-0.065125,1,0
2026-08-23,6,A1,0.0,1,1
2026-08-23,6,A6,0.011451,1,0
2026-08-24,0,A1,1.109404,1,0
2026-08-24,0,A6,0.085978,1,0
2026-08-25,1,A1,-0.179253,1,0
2026-08-25,1,A2,-1.254639,1,0
2026-08-25,1,A3,-0.452177,1,0
2026-08-25,1,A4,1.206657,1,0
2026-08-25,1,A5,0.397427,1,0
2026-08-25,1,A6,0.022256,1,0
2026-08-26,2,A1,-0.213315,1,0
2026-08-26,2,A2,1.029362,1,0
2026-08-26,2,A3,0.54955,1,0
2026-08-26,2,A4,-0.055364,1,0
2026-08-26,2,A5,-1.133078,1,0
2026-08-26,2,A6,0.044918,1,0
2026-08-27,3,A1,-0.378361,1,0
2026-08-27,3,A2,-0.10038,1,0
2026-08-27,3,A3,0.362648,1,0
2026-08-27,3,A4,-0.519383,1,0
2026-08-27,3,A5,1.073959,1,0
2026-08-27,3,A6,0.0476,1,0
2026-08-28,4,A1,-0.26325,1,0
2026-08-28,4,A2,1.935216,1,0
2026-08-28,4,A3,0.347385,1,0
2026-08-28,4,A4,-0.290593,1,0
2026-08-28,4,A5,0.2995,1,0
2026-08-28,4,A6,0.22376,1,0
2026-08-28,4,A7,0.133112,1,0
2026-08-29,5,A1,-2.860928,1,0
2026-08-29,5,A6,-0.020108,1,0
2026-08-30,6,A1,0.0,1,1
2026-08-30,6,A6,0.0,1,1
2026-08-31,0,A1,-0.363643,1,0
2026-08-31,0,A6,0.057018,1,0
2026-09-01,1,A1,-0.112019,1,0
2026-09-01,1,A2,-0.425123,1,0
2026-09-01,1,A3,-1.706971,1,0
2026-09-01,1,A4,-3.441888,1,0
2026-09-01,1,A5,-2.034274,1,0
2026-09-01,1,A6,0.027353,1,0
2026-09-01,1,A7,0.109346,1,0
2026-09-02,2,A1,-2.38151,1,0
2026-09-02,2,A2,-1.327864,1,0
2026-09-02,2,A3,-1.217575,1,0
2026-09-02,2,A4,-1.430261,1,0
2026-09-02,2,A5,-1.290712,1,0
2026-09-02,2,A6,0.054277,1,0
2026-09-02,2,A7,0.099275,1,0
2026-09-03,3,A1,2.42903,1,0
2026-09-03,3,A2,-0.657093,1,0
2026-09-03,3,A3,-0.251156,1,0
2026-09-03,3,A4,-1.396914,1,0
2026-09-03,3,A5,-0.232096,1,0
2026-09-03,3,A6,0.030023,1,0
2026-09-03,3,A7,0.086362,1,0
2026-09-04,4,A1,1.242737,1,0
2026-09-04,4,A2,-0.602077,1,0
2026-09-04,4,A3,-0.232339,1,0
2026-09-04,4,A4,2.789539,1,0
2026-09-04,4,A5,-1.064588,1,0
2026-09-04,4,A6,0.261429,1,0
2026-09-04,4,A7,0.087686,1,0
2026-09-05,5,A1,-0.886955,1,0
2026-09-05,5,A6,-0.026632,1,0
2026-09-06,6,A1,0.0,1,1
2026-09-06,6,A6,-0.021683,1,0
2026-09-07,0,A1,-0.78921,1,0
2026-09-07,0,A6,0.045854,1,0
2026-09-08,1,A1,0.204571,1,0
2026-09-08,1,A2,0.269227,1,0
2026-09-08,1,A3,0.18421,1,0
2026-09-08,1,A4,-0.896606,1,0
2026-09-08,1,A5,1.588237,1,0
2026-09-08,1,A6,0.041085,1,0
2026-09-08,1,A7,0.091224,1,0
